office,district,candidate,party,parent_jurisdiction,jurisdiction,votes,absentee_votes,precinct
U.S. House,12,Leon Threatt,R,MECKLENBURG,21,509,0,MECKLENBURG 21
U.S. House,12,Leon Threatt,R,MECKLENBURG,13,518,0,MECKLENBURG 13
U.S. House,12,Leon Threatt,R,MECKLENBURG,16,55,0,MECKLENBURG 16
U.S. House,12,Leon Threatt,R,MECKLENBURG,85,719,0,MECKLENBURG 85
U.S. House,12,Leon Threatt,R,MECKLENBURG,84,225,0,MECKLENBURG 84
U.S. House,12,Leon Threatt,R,MECKLENBURG,68,414,0,MECKLENBURG 68
U.S. House,12,Leon Threatt,R,MECKLENBURG,63,288,0,MECKLENBURG 63
U.S. House,12,Leon Threatt,R,MECKLENBURG,65,507,0,MECKLENBURG 65
U.S. House,12,Leon Threatt,R,MECKLENBURG,PROVISIONAL 1-20,113,0,MECKLENBURG PROVISIONAL 1-20
U.S. House,12,Leon Threatt,R,MECKLENBURG,202,2997,0,MECKLENBURG 202
U.S. House,12,Leon Threatt,R,MECKLENBURG,223.1,1784,0,MECKLENBURG 223.1
U.S. House,12,Leon Threatt,R,MECKLENBURG,231,1161,0,MECKLENBURG 231
U.S. House,12,Leon Threatt,R,MECKLENBURG,213,344,0,MECKLENBURG 213
U.S. House,12,Leon Threatt,R,MECKLENBURG,11,1877,0,MECKLENBURG 11
U.S. House,12,Leon Threatt,R,MECKLENBURG,115,301,0,MECKLENBURG 115
U.S. House,12,Leon Threatt,R,MECKLENBURG,14,173,0,MECKLENBURG 14
U.S. House,12,Leon Threatt,R,MECKLENBURG,29,345,0,MECKLENBURG 29
U.S. House,12,Leon Threatt,R,MECKLENBURG,26,232,0,MECKLENBURG 26
U.S. House,12,Leon Threatt,R,MECKLENBURG,46,423,0,MECKLENBURG 46
U.S. House,12,Leon Threatt,R,MECKLENBURG,50,517,0,MECKLENBURG 50
U.S. House,12,Leon Threatt,R,MECKLENBURG,PROVISIONAL 21-40,74,0,MECKLENBURG PROVISIONAL 21-40
U.S. House,12,Leon Threatt,R,MECKLENBURG,CURBSIDE 81-96,28,0,MECKLENBURG CURBSIDE 81-96
U.S. House,12,Leon Threatt,R,MECKLENBURG,224,695,0,MECKLENBURG 224
U.S. House,12,Leon Threatt,R,MECKLENBURG,210,391,0,MECKLENBURG 210
U.S. House,12,Leon Threatt,R,MECKLENBURG,211,1572,0,MECKLENBURG 211
U.S. House,12,Leon Threatt,R,MECKLENBURG,133,2088,0,MECKLENBURG 133
U.S. House,12,Leon Threatt,R,MECKLENBURG,9,903,0,MECKLENBURG 9
U.S. House,12,Leon Threatt,R,MECKLENBURG,130,307,0,MECKLENBURG 130
U.S. House,12,Leon Threatt,R,MECKLENBURG,23,186,0,MECKLENBURG 23
U.S. House,12,Leon Threatt,R,MECKLENBURG,43,158,0,MECKLENBURG 43
U.S. House,12,Leon Threatt,R,MECKLENBURG,44,343,0,MECKLENBURG 44
U.S. House,12,Leon Threatt,R,MECKLENBURG,97,189,0,MECKLENBURG 97
U.S. House,12,Leon Threatt,R,MECKLENBURG,94,388,0,MECKLENBURG 94
U.S. House,12,Leon Threatt,R,MECKLENBURG,140,2014,0,MECKLENBURG 140
U.S. House,12,Leon Threatt,R,MECKLENBURG,120,243,0,MECKLENBURG 120
U.S. House,12,Leon Threatt,R,MECKLENBURG,80,463,0,MECKLENBURG 80
U.S. House,12,Leon Threatt,R,MECKLENBURG,31,72,0,MECKLENBURG 31
U.S. House,12,Leon Threatt,R,MECKLENBURG,PROVISIONAL 81-96,16,0,MECKLENBURG PROVISIONAL 81-96
U.S. House,12,Leon Threatt,R,MECKLENBURG,ABSENTEE BY MAIL 61-80,426,426,MECKLENBURG ABSENTEE BY MAIL 61-80
U.S. House,12,Leon Threatt,R,MECKLENBURG,207,2197,0,MECKLENBURG 207
U.S. House,12,Leon Threatt,R,MECKLENBURG,134,2404,0,MECKLENBURG 134
U.S. House,12,Leon Threatt,R,MECKLENBURG,58,734,0,MECKLENBURG 58
U.S. House,12,Leon Threatt,R,MECKLENBURG,53,177,0,MECKLENBURG 53
U.S. House,12,Leon Threatt,R,MECKLENBURG,39,90,0,MECKLENBURG 39
U.S. House,12,Leon Threatt,R,MECKLENBURG,33,267,0,MECKLENBURG 33
U.S. House,12,Leon Threatt,R,MECKLENBURG,34,464,0,MECKLENBURG 34
U.S. House,12,Leon Threatt,R,MECKLENBURG,2,646,0,MECKLENBURG 2
U.S. House,12,Leon Threatt,R,MECKLENBURG,3,103,0,MECKLENBURG 3
U.S. House,12,Leon Threatt,R,MECKLENBURG,239,671,0,MECKLENBURG 239
U.S. House,12,Leon Threatt,R,MECKLENBURG,234,996,0,MECKLENBURG 234
U.S. House,12,Leon Threatt,R,MECKLENBURG,6,192,0,MECKLENBURG 6
U.S. House,12,Leon Threatt,R,MECKLENBURG,42,71,0,MECKLENBURG 42
U.S. House,12,Leon Threatt,R,MECKLENBURG,25,39,0,MECKLENBURG 25
U.S. House,12,Leon Threatt,R,MECKLENBURG,28,206,0,MECKLENBURG 28
U.S. House,12,Leon Threatt,R,MECKLENBURG,17,118,0,MECKLENBURG 17
U.S. House,12,Leon Threatt,R,MECKLENBURG,49,797,0,MECKLENBURG 49
U.S. House,12,Leon Threatt,R,MECKLENBURG,122,1340,0,MECKLENBURG 122
U.S. House,12,Leon Threatt,R,MECKLENBURG,105,557,0,MECKLENBURG 105
U.S. House,12,Leon Threatt,R,MECKLENBURG,102,821,0,MECKLENBURG 102
U.S. House,12,Leon Threatt,R,MECKLENBURG,125,208,0,MECKLENBURG 125
U.S. House,12,Leon Threatt,R,MECKLENBURG,150,795,0,MECKLENBURG 150
U.S. House,12,Leon Threatt,R,MECKLENBURG,145,2540,0,MECKLENBURG 145
U.S. House,12,Leon Threatt,R,MECKLENBURG,146,387,0,MECKLENBURG 146
U.S. House,12,Leon Threatt,R,MECKLENBURG,204.1,618,0,MECKLENBURG 204.1
U.S. House,12,Leon Threatt,R,MECKLENBURG,CURBSIDE 61-80,42,0,MECKLENBURG CURBSIDE 61-80
U.S. House,12,Leon Threatt,R,MECKLENBURG,127,1981,0,MECKLENBURG 127
U.S. House,12,Leon Threatt,R,MECKLENBURG,141,865,0,MECKLENBURG 141
U.S. House,12,Leon Threatt,R,MECKLENBURG,78.1,301,0,MECKLENBURG 78.1
U.S. House,12,Leon Threatt,R,MECKLENBURG,104,171,0,MECKLENBURG 104
U.S. House,12,Leon Threatt,R,MECKLENBURG,95,261,0,MECKLENBURG 95
U.S. House,12,Leon Threatt,R,MECKLENBURG,98,194,0,MECKLENBURG 98
U.S. House,12,Leon Threatt,R,MECKLENBURG,51,810,0,MECKLENBURG 51
U.S. House,12,Leon Threatt,R,MECKLENBURG,209,1764,0,MECKLENBURG 209
U.S. House,12,Leon Threatt,R,MECKLENBURG,242,1576,0,MECKLENBURG 242
U.S. House,12,Leon Threatt,R,MECKLENBURG,88,843,0,MECKLENBURG 88
U.S. House,12,Leon Threatt,R,MECKLENBURG,89,1217,0,MECKLENBURG 89
U.S. House,12,Leon Threatt,R,MECKLENBURG,15,624,0,MECKLENBURG 15
U.S. House,12,Leon Threatt,R,MECKLENBURG,20,771,0,MECKLENBURG 20
U.S. House,12,Leon Threatt,R,MECKLENBURG,67,576,0,MECKLENBURG 67
U.S. House,12,Leon Threatt,R,MECKLENBURG,41,138,0,MECKLENBURG 41
U.S. House,12,Leon Threatt,R,MECKLENBURG,12,124,0,MECKLENBURG 12
U.S. House,12,Leon Threatt,R,MECKLENBURG,83,630,0,MECKLENBURG 83
U.S. House,12,Leon Threatt,R,MECKLENBURG,82,112,0,MECKLENBURG 82
U.S. House,12,Leon Threatt,R,MECKLENBURG,22,1654,0,MECKLENBURG 22
U.S. House,12,Leon Threatt,R,MECKLENBURG,62,236,0,MECKLENBURG 62
U.S. House,12,Leon Threatt,R,MECKLENBURG,ABSENTEE BY MAIL 81-96,337,337,MECKLENBURG ABSENTEE BY MAIL 81-96
U.S. House,12,Leon Threatt,R,MECKLENBURG,132,313,0,MECKLENBURG 132
U.S. House,12,Leon Threatt,R,MECKLENBURG,240,2551,0,MECKLENBURG 240
U.S. House,12,Leon Threatt,R,MECKLENBURG,203,807,0,MECKLENBURG 203
U.S. House,12,Leon Threatt,R,MECKLENBURG,201,1384,0,MECKLENBURG 201
U.S. House,12,Leon Threatt,R,MECKLENBURG,206,1478,0,MECKLENBURG 206
U.S. House,12,Leon Threatt,R,MECKLENBURG,225,723,0,MECKLENBURG 225
U.S. House,12,Leon Threatt,R,MECKLENBURG,7,394,0,MECKLENBURG 7
U.S. House,12,Leon Threatt,R,MECKLENBURG,61,341,0,MECKLENBURG 61
U.S. House,12,Leon Threatt,R,MECKLENBURG,64,256,0,MECKLENBURG 64
U.S. House,12,Leon Threatt,R,MECKLENBURG,66,511,0,MECKLENBURG 66
U.S. House,12,Leon Threatt,R,MECKLENBURG,87,874,0,MECKLENBURG 87
U.S. House,12,Leon Threatt,R,MECKLENBURG,81,398,0,MECKLENBURG 81
U.S. House,12,Leon Threatt,R,MECKLENBURG,27,117,0,MECKLENBURG 27
U.S. House,12,Leon Threatt,R,MECKLENBURG,24,245,0,MECKLENBURG 24
U.S. House,12,Leon Threatt,R,MECKLENBURG,47,996,0,MECKLENBURG 47
U.S. House,12,Leon Threatt,R,MECKLENBURG,45,291,0,MECKLENBURG 45
U.S. House,12,Leon Threatt,R,MECKLENBURG,212,1288,0,MECKLENBURG 212
U.S. House,12,Leon Threatt,R,MECKLENBURG,214,668,0,MECKLENBURG 214
U.S. House,12,Leon Threatt,R,MECKLENBURG,142,2364,0,MECKLENBURG 142
U.S. House,12,Leon Threatt,R,MECKLENBURG,ABSENTEE BY MAIL 21-40,1181,1181,MECKLENBURG ABSENTEE BY MAIL 21-40
U.S. House,12,Leon Threatt,R,MECKLENBURG,230,1442,0,MECKLENBURG 230
U.S. House,12,Leon Threatt,R,MECKLENBURG,228,726,0,MECKLENBURG 228
U.S. House,12,Leon Threatt,R,MECKLENBURG,148,3308,0,MECKLENBURG 148
U.S. House,12,Leon Threatt,R,MECKLENBURG,128,746,0,MECKLENBURG 128
U.S. House,12,Leon Threatt,R,MECKLENBURG,123,316,0,MECKLENBURG 123
U.S. House,12,Leon Threatt,R,MECKLENBURG,147,413,0,MECKLENBURG 147
U.S. House,12,Leon Threatt,R,MECKLENBURG,235,967,0,MECKLENBURG 235
U.S. House,12,Leon Threatt,R,MECKLENBURG,237,574,0,MECKLENBURG 237
U.S. House,12,Leon Threatt,R,MECKLENBURG,CURBSIDE 1-20,266,0,MECKLENBURG CURBSIDE 1-20
U.S. House,12,Leon Threatt,R,MECKLENBURG,ABSENTEE BY MAIL 41-60,3677,3677,MECKLENBURG ABSENTEE BY MAIL 41-60
U.S. House,12,Leon Threatt,R,MECKLENBURG,4,347,0,MECKLENBURG 4
U.S. House,12,Leon Threatt,R,MECKLENBURG,35,612,0,MECKLENBURG 35
U.S. House,12,Leon Threatt,R,MECKLENBURG,59,380,0,MECKLENBURG 59
U.S. House,12,Leon Threatt,R,MECKLENBURG,54,139,0,MECKLENBURG 54
U.S. House,12,Leon Threatt,R,MECKLENBURG,56,39,0,MECKLENBURG 56
U.S. House,12,Leon Threatt,R,MECKLENBURG,5,163,0,MECKLENBURG 5
U.S. House,12,Leon Threatt,R,MECKLENBURG,36,864,0,MECKLENBURG 36
U.S. House,12,Leon Threatt,R,MECKLENBURG,40,158,0,MECKLENBURG 40
U.S. House,12,Leon Threatt,R,MECKLENBURG,CURBSIDE 41-60,287,0,MECKLENBURG CURBSIDE 41-60
U.S. House,12,Leon Threatt,R,MECKLENBURG,ABSENTEE BY MAIL 1-20,2007,2007,MECKLENBURG ABSENTEE BY MAIL 1-20
U.S. House,12,Leon Threatt,R,MECKLENBURG,208,2241,0,MECKLENBURG 208
U.S. House,12,Leon Threatt,R,MECKLENBURG,107.1,465,0,MECKLENBURG 107.1
U.S. House,12,Leon Threatt,R,MECKLENBURG,109,595,0,MECKLENBURG 109
U.S. House,12,Leon Threatt,R,MECKLENBURG,108,175,0,MECKLENBURG 108
U.S. House,12,Alma Adams,D,MECKLENBURG,130,714,0,MECKLENBURG 130
U.S. House,12,Alma Adams,D,MECKLENBURG,231,1582,0,MECKLENBURG 231
U.S. House,12,Alma Adams,D,MECKLENBURG,202,2301,0,MECKLENBURG 202
U.S. House,12,Alma Adams,D,MECKLENBURG,ABSENTEE BY MAIL 61-80,276,276,MECKLENBURG ABSENTEE BY MAIL 61-80
U.S. House,12,Alma Adams,D,MECKLENBURG,PROVISIONAL 21-40,250,0,MECKLENBURG PROVISIONAL 21-40
U.S. House,12,Alma Adams,D,MECKLENBURG,CURBSIDE 81-96,124,0,MECKLENBURG CURBSIDE 81-96
U.S. House,12,Alma Adams,D,MECKLENBURG,43,1564,0,MECKLENBURG 43
U.S. House,12,Alma Adams,D,MECKLENBURG,44,802,0,MECKLENBURG 44
U.S. House,12,Alma Adams,D,MECKLENBURG,26,1855,0,MECKLENBURG 26
U.S. House,12,Alma Adams,D,MECKLENBURG,23,1000,0,MECKLENBURG 23
U.S. House,12,Alma Adams,D,MECKLENBURG,29,924,0,MECKLENBURG 29
U.S. House,12,Alma Adams,D,MECKLENBURG,17,1099,0,MECKLENBURG 17
U.S. House,12,Alma Adams,D,MECKLENBURG,6,1183,0,MECKLENBURG 6
U.S. House,12,Alma Adams,D,MECKLENBURG,46,1349,0,MECKLENBURG 46
U.S. House,12,Alma Adams,D,MECKLENBURG,50,739,0,MECKLENBURG 50
U.S. House,12,Alma Adams,D,MECKLENBURG,31,1386,0,MECKLENBURG 31
U.S. House,12,Alma Adams,D,MECKLENBURG,97,762,0,MECKLENBURG 97
U.S. House,12,Alma Adams,D,MECKLENBURG,94,816,0,MECKLENBURG 94
U.S. House,12,Alma Adams,D,MECKLENBURG,241,1814,0,MECKLENBURG 241
U.S. House,12,Alma Adams,D,MECKLENBURG,115,742,0,MECKLENBURG 115
U.S. House,12,Alma Adams,D,MECKLENBURG,223.1,2803,0,MECKLENBURG 223.1
U.S. House,12,Alma Adams,D,MECKLENBURG,239,1562,0,MECKLENBURG 239
U.S. House,12,Alma Adams,D,MECKLENBURG,234,1158,0,MECKLENBURG 234
U.S. House,12,Alma Adams,D,MECKLENBURG,140,1553,0,MECKLENBURG 140
U.S. House,12,Alma Adams,D,MECKLENBURG,150,1457,0,MECKLENBURG 150
U.S. House,12,Alma Adams,D,MECKLENBURG,207,1305,0,MECKLENBURG 207
U.S. House,12,Alma Adams,D,MECKLENBURG,214,1705,0,MECKLENBURG 214
U.S. House,12,Alma Adams,D,MECKLENBURG,CURBSIDE 41-60,834,0,MECKLENBURG CURBSIDE 41-60
U.S. House,12,Alma Adams,D,MECKLENBURG,12,1430,0,MECKLENBURG 12
U.S. House,12,Alma Adams,D,MECKLENBURG,33,951,0,MECKLENBURG 33
U.S. House,12,Alma Adams,D,MECKLENBURG,80,1439,0,MECKLENBURG 80
U.S. House,12,Alma Adams,D,MECKLENBURG,78.1,910,0,MECKLENBURG 78.1
U.S. House,12,Alma Adams,D,MECKLENBURG,53,1767,0,MECKLENBURG 53
U.S. House,12,Alma Adams,D,MECKLENBURG,58,762,0,MECKLENBURG 58
U.S. House,12,Alma Adams,D,MECKLENBURG,39,1332,0,MECKLENBURG 39
U.S. House,12,Alma Adams,D,MECKLENBURG,15,1586,0,MECKLENBURG 15
U.S. House,12,Alma Adams,D,MECKLENBURG,34,1060,0,MECKLENBURG 34
U.S. House,12,Alma Adams,D,MECKLENBURG,134,2045,0,MECKLENBURG 134
U.S. House,12,Alma Adams,D,MECKLENBURG,133,1220,0,MECKLENBURG 133
U.S. House,12,Alma Adams,D,MECKLENBURG,PROVISIONAL 1-20,376,0,MECKLENBURG PROVISIONAL 1-20
U.S. House,12,Alma Adams,D,MECKLENBURG,243,3698,0,MECKLENBURG 243
U.S. House,12,Alma Adams,D,MECKLENBURG,132,851,0,MECKLENBURG 132
U.S. House,12,Alma Adams,D,MECKLENBURG,62,1046,0,MECKLENBURG 62
U.S. House,12,Alma Adams,D,MECKLENBURG,41,1381,0,MECKLENBURG 41
U.S. House,12,Alma Adams,D,MECKLENBURG,14,1341,0,MECKLENBURG 14
U.S. House,12,Alma Adams,D,MECKLENBURG,11,3249,0,MECKLENBURG 11
U.S. House,12,Alma Adams,D,MECKLENBURG,20,905,0,MECKLENBURG 20
U.S. House,12,Alma Adams,D,MECKLENBURG,67,437,0,MECKLENBURG 67
U.S. House,12,Alma Adams,D,MECKLENBURG,82,1734,0,MECKLENBURG 82
U.S. House,12,Alma Adams,D,MECKLENBURG,83,1501,0,MECKLENBURG 83
U.S. House,12,Alma Adams,D,MECKLENBURG,102,1920,0,MECKLENBURG 102
U.S. House,12,Alma Adams,D,MECKLENBURG,109,1183,0,MECKLENBURG 109
U.S. House,12,Alma Adams,D,MECKLENBURG,108,1177,0,MECKLENBURG 108
U.S. House,12,Alma Adams,D,MECKLENBURG,89,2719,0,MECKLENBURG 89
U.S. House,12,Alma Adams,D,MECKLENBURG,88,941,0,MECKLENBURG 88
U.S. House,12,Alma Adams,D,MECKLENBURG,2,1296,0,MECKLENBURG 2
U.S. House,12,Alma Adams,D,MECKLENBURG,42,1590,0,MECKLENBURG 42
U.S. House,12,Alma Adams,D,MECKLENBURG,49,806,0,MECKLENBURG 49
U.S. House,12,Alma Adams,D,MECKLENBURG,25,1325,0,MECKLENBURG 25
U.S. House,12,Alma Adams,D,MECKLENBURG,22,2644,0,MECKLENBURG 22
U.S. House,12,Alma Adams,D,MECKLENBURG,104,1740,0,MECKLENBURG 104
U.S. House,12,Alma Adams,D,MECKLENBURG,105,2074,0,MECKLENBURG 105
U.S. House,12,Alma Adams,D,MECKLENBURG,ABSENTEE BY MAIL 81-96,271,271,MECKLENBURG ABSENTEE BY MAIL 81-96
U.S. House,12,Alma Adams,D,MECKLENBURG,203,2720,0,MECKLENBURG 203
U.S. House,12,Alma Adams,D,MECKLENBURG,206,2268,0,MECKLENBURG 206
U.S. House,12,Alma Adams,D,MECKLENBURG,9,1276,0,MECKLENBURG 9
U.S. House,12,Alma Adams,D,MECKLENBURG,28,1169,0,MECKLENBURG 28
U.S. House,12,Alma Adams,D,MECKLENBURG,51,1070,0,MECKLENBURG 51
U.S. House,12,Alma Adams,D,MECKLENBURG,98,1288,0,MECKLENBURG 98
U.S. House,12,Alma Adams,D,MECKLENBURG,145,3822,0,MECKLENBURG 145
U.S. House,12,Alma Adams,D,MECKLENBURG,146,2171,0,MECKLENBURG 146
U.S. House,12,Alma Adams,D,MECKLENBURG,125,628,0,MECKLENBURG 125
U.S. House,12,Alma Adams,D,MECKLENBURG,122,2215,0,MECKLENBURG 122
U.S. House,12,Alma Adams,D,MECKLENBURG,127,1260,0,MECKLENBURG 127
U.S. House,12,Alma Adams,D,MECKLENBURG,CURBSIDE 61-80,109,0,MECKLENBURG CURBSIDE 61-80
U.S. House,12,Alma Adams,D,MECKLENBURG,209,1304,0,MECKLENBURG 209
U.S. House,12,Alma Adams,D,MECKLENBURG,210,3435,0,MECKLENBURG 210
U.S. House,12,Alma Adams,D,MECKLENBURG,224,974,0,MECKLENBURG 224
U.S. House,12,Alma Adams,D,MECKLENBURG,211,4631,0,MECKLENBURG 211
U.S. House,12,Alma Adams,D,MECKLENBURG,213,2605,0,MECKLENBURG 213
U.S. House,12,Alma Adams,D,MECKLENBURG,141,2215,0,MECKLENBURG 141
U.S. House,12,Alma Adams,D,MECKLENBURG,95,959,0,MECKLENBURG 95
U.S. House,12,Alma Adams,D,MECKLENBURG,201,2964,0,MECKLENBURG 201
U.S. House,12,Alma Adams,D,MECKLENBURG,225,620,0,MECKLENBURG 225
U.S. House,12,Alma Adams,D,MECKLENBURG,228,1796,0,MECKLENBURG 228
U.S. House,12,Alma Adams,D,MECKLENBURG,CURBSIDE 1-20,2183,0,MECKLENBURG CURBSIDE 1-20
U.S. House,12,Alma Adams,D,MECKLENBURG,3,1281,0,MECKLENBURG 3
U.S. House,12,Alma Adams,D,MECKLENBURG,45,810,0,MECKLENBURG 45
U.S. House,12,Alma Adams,D,MECKLENBURG,64,448,0,MECKLENBURG 64
U.S. House,12,Alma Adams,D,MECKLENBURG,81,2176,0,MECKLENBURG 81
U.S. House,12,Alma Adams,D,MECKLENBURG,147,1739,0,MECKLENBURG 147
U.S. House,12,Alma Adams,D,MECKLENBURG,230,3250,0,MECKLENBURG 230
U.S. House,12,Alma Adams,D,MECKLENBURG,ABSENTEE BY MAIL 41-60,3124,3124,MECKLENBURG ABSENTEE BY MAIL 41-60
U.S. House,12,Alma Adams,D,MECKLENBURG,47,849,0,MECKLENBURG 47
U.S. House,12,Alma Adams,D,MECKLENBURG,128,1243,0,MECKLENBURG 128
U.S. House,12,Alma Adams,D,MECKLENBURG,123,1311,0,MECKLENBURG 123
U.S. House,12,Alma Adams,D,MECKLENBURG,142,1537,0,MECKLENBURG 142
U.S. House,12,Alma Adams,D,MECKLENBURG,27,1351,0,MECKLENBURG 27
U.S. House,12,Alma Adams,D,MECKLENBURG,24,1479,0,MECKLENBURG 24
U.S. House,12,Alma Adams,D,MECKLENBURG,61,1038,0,MECKLENBURG 61
U.S. House,12,Alma Adams,D,MECKLENBURG,66,600,0,MECKLENBURG 66
U.S. House,12,Alma Adams,D,MECKLENBURG,40,1330,0,MECKLENBURG 40
U.S. House,12,Alma Adams,D,MECKLENBURG,87,1040,0,MECKLENBURG 87
U.S. House,12,Alma Adams,D,MECKLENBURG,10,1046,0,MECKLENBURG 10
U.S. House,12,Alma Adams,D,MECKLENBURG,13,1561,0,MECKLENBURG 13
U.S. House,12,Alma Adams,D,MECKLENBURG,16,1885,0,MECKLENBURG 16
U.S. House,12,Alma Adams,D,MECKLENBURG,151,2148,0,MECKLENBURG 151
U.S. House,12,Alma Adams,D,MECKLENBURG,204.1,2793,0,MECKLENBURG 204.1
U.S. House,12,Alma Adams,D,MECKLENBURG,PROVISIONAL 61-80,11,0,MECKLENBURG PROVISIONAL 61-80
U.S. House,12,Alma Adams,D,MECKLENBURG,56,845,0,MECKLENBURG 56
U.S. House,12,Alma Adams,D,MECKLENBURG,59,520,0,MECKLENBURG 59
U.S. House,12,Alma Adams,D,MECKLENBURG,54,1637,0,MECKLENBURG 54
U.S. House,12,Alma Adams,D,MECKLENBURG,35,633,0,MECKLENBURG 35
U.S. House,12,Alma Adams,D,MECKLENBURG,36,848,0,MECKLENBURG 36
U.S. House,12,Alma Adams,D,MECKLENBURG,107.1,1953,0,MECKLENBURG 107.1
U.S. House,12,Alma Adams,D,MECKLENBURG,208,1031,0,MECKLENBURG 208
U.S. House,12,Alma Adams,D,MECKLENBURG,148,3455,0,MECKLENBURG 148
U.S. House,12,Alma Adams,D,MECKLENBURG,242,495,0,MECKLENBURG 242
U.S. House,12,Alma Adams,D,MECKLENBURG,237,2079,0,MECKLENBURG 237
U.S. House,12,Alma Adams,D,MECKLENBURG,ABSENTEE BY MAIL 21-40,1739,1739,MECKLENBURG ABSENTEE BY MAIL 21-40
U.S. House,12,Alma Adams,D,MECKLENBURG,ABSENTEE BY MAIL 1-20,2765,2765,MECKLENBURG ABSENTEE BY MAIL 1-20
U.S. House,12,Alma Adams,D,MECKLENBURG,65,508,0,MECKLENBURG 65
U.S. House,12,Alma Adams,D,MECKLENBURG,38,837,0,MECKLENBURG 38
U.S. House,12,Alma Adams,D,MECKLENBURG,138,1632,0,MECKLENBURG 138
U.S. House,12,Alma Adams,D,MECKLENBURG,135,3683,0,MECKLENBURG 135
U.S. House,12,Alma Adams,D,MECKLENBURG,CURBSIDE 21-40,1552,0,MECKLENBURG CURBSIDE 21-40
U.S. House,12,Alma Adams,D,MECKLENBURG,205,1493,0,MECKLENBURG 205
U.S. House,12,Alma Adams,D,MECKLENBURG,200,655,0,MECKLENBURG 200
U.S. House,12,Alma Adams,D,MECKLENBURG,235,1197,0,MECKLENBURG 235
U.S. House,12,Alma Adams,D,MECKLENBURG,240,1489,0,MECKLENBURG 240
U.S. House,12,Alma Adams,D,MECKLENBURG,5,781,0,MECKLENBURG 5
U.S. House,12,Alma Adams,D,MECKLENBURG,4,1033,0,MECKLENBURG 4
U.S. House,12,Alma Adams,D,MECKLENBURG,21,903,0,MECKLENBURG 21
U.S. House,12,Alma Adams,D,MECKLENBURG,84,1119,0,MECKLENBURG 84
U.S. House,12,Alma Adams,D,MECKLENBURG,85,981,0,MECKLENBURG 85
U.S. House,12,Alma Adams,D,MECKLENBURG,106,580,0,MECKLENBURG 106
U.S. House,12,Alma Adams,D,MECKLENBURG,63,1083,0,MECKLENBURG 63
U.S. House,12,Alma Adams,D,MECKLENBURG,68,771,0,MECKLENBURG 68
U.S. House,12,Alma Adams,D,MECKLENBURG,229,2820,0,MECKLENBURG 229
U.S. House,12,Alma Adams,D,MECKLENBURG,222,3450,0,MECKLENBURG 222
U.S. House,12,Alma Adams,D,MECKLENBURG,212,4881,0,MECKLENBURG 212
U.S. House,12,Alma Adams,D,MECKLENBURG,149,2890,0,MECKLENBURG 149
U.S. House,12,Alma Adams,D,MECKLENBURG,60,1204,0,MECKLENBURG 60
U.S. House,12,Alma Adams,D,MECKLENBURG,37,717,0,MECKLENBURG 37
U.S. House,12,Alma Adams,D,MECKLENBURG,55,960,0,MECKLENBURG 55
U.S. House,12,Alma Adams,D,MECKLENBURG,52,1521,0,MECKLENBURG 52
U.S. House,12,Alma Adams,D,MECKLENBURG,120,1177,0,MECKLENBURG 120
U.S. House,12,Alma Adams,D,MECKLENBURG,126,1659,0,MECKLENBURG 126
U.S. House,12,Alma Adams,D,MECKLENBURG,129,536,0,MECKLENBURG 129
U.S. House,12,Alma Adams,D,MECKLENBURG,7,805,0,MECKLENBURG 7
U.S. House,12,Alma Adams,D,MECKLENBURG,99,1097,0,MECKLENBURG 99
U.S. House,12,Alma Adams,D,MECKLENBURG,116,812,0,MECKLENBURG 116
U.S. House,12,Alma Adams,D,MECKLENBURG,117,1014,0,MECKLENBURG 117
U.S. House,12,Alma Adams,D,MECKLENBURG,77,1351,0,MECKLENBURG 77
U.S. House,12,Alma Adams,D,MECKLENBURG,79,850,0,MECKLENBURG 79
U.S. House,12,Alma Adams,D,MECKLENBURG,30,1539,0,MECKLENBURG 30
U.S. House,12,Alma Adams,D,MECKLENBURG,124,1381,0,MECKLENBURG 124
U.S. House,12,Alma Adams,D,MECKLENBURG,143,1486,0,MECKLENBURG 143
U.S. House,12,Alma Adams,D,MECKLENBURG,PROVISIONAL 81-96,21,0,MECKLENBURG PROVISIONAL 81-96
U.S. House,12,Alma Adams,D,MECKLENBURG,PROVISIONAL 41-60,235,0,MECKLENBURG PROVISIONAL 41-60
U.S. House,12,Alma Adams,D,MECKLENBURG,238.1,1314,0,MECKLENBURG 238.1
U.S. House,9,Robert Pittenger,R,MECKLENBURG,ABSENTEE BY MAIL 81-96,367,367,MECKLENBURG ABSENTEE BY MAIL 81-96
U.S. House,9,Robert Pittenger,R,MECKLENBURG,57,780,0,MECKLENBURG 57
U.S. House,9,Robert Pittenger,R,MECKLENBURG,18,766,0,MECKLENBURG 18
U.S. House,9,Robert Pittenger,R,MECKLENBURG,32,941,0,MECKLENBURG 32
U.S. House,9,Robert Pittenger,R,MECKLENBURG,74,1094,0,MECKLENBURG 74
U.S. House,9,Robert Pittenger,R,MECKLENBURG,76,1113,0,MECKLENBURG 76
U.S. House,9,Robert Pittenger,R,MECKLENBURG,111,1103,0,MECKLENBURG 111
U.S. House,9,Robert Pittenger,R,MECKLENBURG,93,796,0,MECKLENBURG 93
U.S. House,9,Robert Pittenger,R,MECKLENBURG,96,730,0,MECKLENBURG 96
U.S. House,9,Robert Pittenger,R,MECKLENBURG,ABSENTEE BY MAIL 1-20,1272,1272,MECKLENBURG ABSENTEE BY MAIL 1-20
U.S. House,9,Robert Pittenger,R,MECKLENBURG,CURBSIDE 1-20,76,0,MECKLENBURG CURBSIDE 1-20
U.S. House,9,Robert Pittenger,R,MECKLENBURG,PROVISIONAL 41-60,25,0,MECKLENBURG PROVISIONAL 41-60
U.S. House,9,Robert Pittenger,R,MECKLENBURG,PROVISIONAL 21-40,46,0,MECKLENBURG PROVISIONAL 21-40
U.S. House,9,Robert Pittenger,R,MECKLENBURG,215,1336,0,MECKLENBURG 215
U.S. House,9,Robert Pittenger,R,MECKLENBURG,PROVISIONAL 81-96,1,0,MECKLENBURG PROVISIONAL 81-96
U.S. House,9,Robert Pittenger,R,MECKLENBURG,236,2049,0,MECKLENBURG 236
U.S. House,9,Robert Pittenger,R,MECKLENBURG,ABSENTEE BY MAIL 41-60,1004,1004,MECKLENBURG ABSENTEE BY MAIL 41-60
U.S. House,9,Robert Pittenger,R,MECKLENBURG,221,2058,0,MECKLENBURG 221
U.S. House,9,Robert Pittenger,R,MECKLENBURG,113,1417,0,MECKLENBURG 113
U.S. House,9,Robert Pittenger,R,MECKLENBURG,48,873,0,MECKLENBURG 48
U.S. House,9,Robert Pittenger,R,MECKLENBURG,CURBSIDE 41-60,79,0,MECKLENBURG CURBSIDE 41-60
U.S. House,9,Robert Pittenger,R,MECKLENBURG,110,560,0,MECKLENBURG 110
U.S. House,9,Robert Pittenger,R,MECKLENBURG,71,790,0,MECKLENBURG 71
U.S. House,9,Robert Pittenger,R,MECKLENBURG,CURBSIDE 21-40,169,0,MECKLENBURG CURBSIDE 21-40
U.S. House,9,Robert Pittenger,R,MECKLENBURG,1,520,0,MECKLENBURG 1
U.S. House,9,Robert Pittenger,R,MECKLENBURG,91,1781,0,MECKLENBURG 91
U.S. House,9,Robert Pittenger,R,MECKLENBURG,119,542,0,MECKLENBURG 119
U.S. House,9,Robert Pittenger,R,MECKLENBURG,8,976,0,MECKLENBURG 8
U.S. House,9,Robert Pittenger,R,MECKLENBURG,CURBSIDE 81-96,30,0,MECKLENBURG CURBSIDE 81-96
U.S. House,9,Robert Pittenger,R,MECKLENBURG,226,1259,0,MECKLENBURG 226
U.S. House,9,Robert Pittenger,R,MECKLENBURG,70,904,0,MECKLENBURG 70
U.S. House,9,Robert Pittenger,R,MECKLENBURG,139.1,1388,0,MECKLENBURG 139.1
U.S. House,9,Robert Pittenger,R,MECKLENBURG,121,1743,0,MECKLENBURG 121
U.S. House,9,Robert Pittenger,R,MECKLENBURG,19,732,0,MECKLENBURG 19
U.S. House,9,Robert Pittenger,R,MECKLENBURG,100,1012,0,MECKLENBURG 100
U.S. House,9,Robert Pittenger,R,MECKLENBURG,101,895,0,MECKLENBURG 101
U.S. House,9,Robert Pittenger,R,MECKLENBURG,103,1312,0,MECKLENBURG 103
U.S. House,9,Robert Pittenger,R,MECKLENBURG,227,2158,0,MECKLENBURG 227
U.S. House,9,Robert Pittenger,R,MECKLENBURG,218,1216,0,MECKLENBURG 218
U.S. House,9,Robert Pittenger,R,MECKLENBURG,136,906,0,MECKLENBURG 136
U.S. House,9,Robert Pittenger,R,MECKLENBURG,2,50,0,MECKLENBURG 2
U.S. House,9,Robert Pittenger,R,MECKLENBURG,69,1663,0,MECKLENBURG 69
U.S. House,9,Robert Pittenger,R,MECKLENBURG,219,1045,0,MECKLENBURG 219
U.S. House,9,Robert Pittenger,R,MECKLENBURG,114,1224,0,MECKLENBURG 114
U.S. House,9,Robert Pittenger,R,MECKLENBURG,75,1289,0,MECKLENBURG 75
U.S. House,9,Robert Pittenger,R,MECKLENBURG,90,617,0,MECKLENBURG 90
U.S. House,9,Robert Pittenger,R,MECKLENBURG,PROVISIONAL 1-20,20,0,MECKLENBURG PROVISIONAL 1-20
U.S. House,9,Robert Pittenger,R,MECKLENBURG,233,1576,0,MECKLENBURG 233
U.S. House,9,Robert Pittenger,R,MECKLENBURG,ABSENTEE BY MAIL 21-40,2520,2520,MECKLENBURG ABSENTEE BY MAIL 21-40
U.S. House,9,Robert Pittenger,R,MECKLENBURG,232,2009,0,MECKLENBURG 232
U.S. House,9,Robert Pittenger,R,MECKLENBURG,220,1374,0,MECKLENBURG 220
U.S. House,9,Robert Pittenger,R,MECKLENBURG,217,898,0,MECKLENBURG 217
U.S. House,9,Robert Pittenger,R,MECKLENBURG,144,1347,0,MECKLENBURG 144
U.S. House,9,Robert Pittenger,R,MECKLENBURG,112,984,0,MECKLENBURG 112
U.S. House,9,Robert Pittenger,R,MECKLENBURG,92,1143,0,MECKLENBURG 92
U.S. House,9,Robert Pittenger,R,MECKLENBURG,118,1013,0,MECKLENBURG 118
U.S. House,9,Robert Pittenger,R,MECKLENBURG,131,754,0,MECKLENBURG 131
U.S. House,9,Robert Pittenger,R,MECKLENBURG,73,652,0,MECKLENBURG 73
U.S. House,9,Robert Pittenger,R,MECKLENBURG,72,595,0,MECKLENBURG 72
U.S. House,9,Robert Pittenger,R,MECKLENBURG,137,2317,0,MECKLENBURG 137
U.S. House,9,Robert Pittenger,R,MECKLENBURG,216,1586,0,MECKLENBURG 216
U.S. House,9,Robert Pittenger,R,MECKLENBURG,86,909,0,MECKLENBURG 86
U.S. House,9,Christian Cano,D,MECKLENBURG,1,554,0,MECKLENBURG 1
U.S. House,9,Christian Cano,D,MECKLENBURG,PROVISIONAL 1-20,16,0,MECKLENBURG PROVISIONAL 1-20
U.S. House,9,Christian Cano,D,MECKLENBURG,110,451,0,MECKLENBURG 110
U.S. House,9,Christian Cano,D,MECKLENBURG,103,1058,0,MECKLENBURG 103
U.S. House,9,Christian Cano,D,MECKLENBURG,100,922,0,MECKLENBURG 100
U.S. House,9,Christian Cano,D,MECKLENBURG,101,779,0,MECKLENBURG 101
U.S. House,9,Christian Cano,D,MECKLENBURG,236,881,0,MECKLENBURG 236
U.S. House,9,Christian Cano,D,MECKLENBURG,PROVISIONAL 21-40,20,0,MECKLENBURG PROVISIONAL 21-40
U.S. House,9,Christian Cano,D,MECKLENBURG,221,935,0,MECKLENBURG 221
U.S. House,9,Christian Cano,D,MECKLENBURG,121,1045,0,MECKLENBURG 121
U.S. House,9,Christian Cano,D,MECKLENBURG,70,679,0,MECKLENBURG 70
U.S. House,9,Christian Cano,D,MECKLENBURG,139.1,972,0,MECKLENBURG 139.1
U.S. House,9,Christian Cano,D,MECKLENBURG,232,1463,0,MECKLENBURG 232
U.S. House,9,Christian Cano,D,MECKLENBURG,220,795,0,MECKLENBURG 220
U.S. House,9,Christian Cano,D,MECKLENBURG,PROVISIONAL 81-96,1,0,MECKLENBURG PROVISIONAL 81-96
U.S. House,9,Christian Cano,D,MECKLENBURG,CURBSIDE 81-96,13,0,MECKLENBURG CURBSIDE 81-96
U.S. House,9,Christian Cano,D,MECKLENBURG,ABSENTEE BY MAIL 81-96,271,271,MECKLENBURG ABSENTEE BY MAIL 81-96
U.S. House,9,Christian Cano,D,MECKLENBURG,32,517,0,MECKLENBURG 32
U.S. House,9,Christian Cano,D,MECKLENBURG,74,822,0,MECKLENBURG 74
U.S. House,9,Christian Cano,D,MECKLENBURG,76,950,0,MECKLENBURG 76
U.S. House,9,Christian Cano,D,MECKLENBURG,93,517,0,MECKLENBURG 93
U.S. House,9,Christian Cano,D,MECKLENBURG,111,878,0,MECKLENBURG 111
U.S. House,9,Christian Cano,D,MECKLENBURG,96,736,0,MECKLENBURG 96
U.S. House,9,Christian Cano,D,MECKLENBURG,CURBSIDE 41-60,43,0,MECKLENBURG CURBSIDE 41-60
U.S. House,9,Christian Cano,D,MECKLENBURG,PROVISIONAL 41-60,14,0,MECKLENBURG PROVISIONAL 41-60
U.S. House,9,Christian Cano,D,MECKLENBURG,ABSENTEE BY MAIL 41-60,550,550,MECKLENBURG ABSENTEE BY MAIL 41-60
U.S. House,9,Christian Cano,D,MECKLENBURG,215,992,0,MECKLENBURG 215
U.S. House,9,Christian Cano,D,MECKLENBURG,57,622,0,MECKLENBURG 57
U.S. House,9,Christian Cano,D,MECKLENBURG,48,537,0,MECKLENBURG 48
U.S. House,9,Christian Cano,D,MECKLENBURG,113,989,0,MECKLENBURG 113
U.S. House,9,Christian Cano,D,MECKLENBURG,137,1462,0,MECKLENBURG 137
U.S. House,9,Christian Cano,D,MECKLENBURG,CURBSIDE 21-40,139,0,MECKLENBURG CURBSIDE 21-40
U.S. House,9,Christian Cano,D,MECKLENBURG,CURBSIDE 1-20,50,0,MECKLENBURG CURBSIDE 1-20
U.S. House,9,Christian Cano,D,MECKLENBURG,112,613,0,MECKLENBURG 112
U.S. House,9,Christian Cano,D,MECKLENBURG,118,897,0,MECKLENBURG 118
U.S. House,9,Christian Cano,D,MECKLENBURG,92,898,0,MECKLENBURG 92
U.S. House,9,Christian Cano,D,MECKLENBURG,75,876,0,MECKLENBURG 75
U.S. House,9,Christian Cano,D,MECKLENBURG,73,589,0,MECKLENBURG 73
U.S. House,9,Christian Cano,D,MECKLENBURG,72,516,0,MECKLENBURG 72
U.S. House,9,Christian Cano,D,MECKLENBURG,216,1492,0,MECKLENBURG 216
U.S. House,9,Christian Cano,D,MECKLENBURG,2,133,0,MECKLENBURG 2
U.S. House,9,Christian Cano,D,MECKLENBURG,144,1023,0,MECKLENBURG 144
U.S. House,9,Christian Cano,D,MECKLENBURG,114,860,0,MECKLENBURG 114
U.S. House,9,Christian Cano,D,MECKLENBURG,131,532,0,MECKLENBURG 131
U.S. House,9,Christian Cano,D,MECKLENBURG,ABSENTEE BY MAIL 21-40,2032,2032,MECKLENBURG ABSENTEE BY MAIL 21-40
U.S. House,9,Christian Cano,D,MECKLENBURG,ABSENTEE BY MAIL 1-20,910,910,MECKLENBURG ABSENTEE BY MAIL 1-20
U.S. House,9,Christian Cano,D,MECKLENBURG,217,890,0,MECKLENBURG 217
U.S. House,9,Christian Cano,D,MECKLENBURG,227,1758,0,MECKLENBURG 227
U.S. House,9,Christian Cano,D,MECKLENBURG,86,549,0,MECKLENBURG 86
U.S. House,9,Christian Cano,D,MECKLENBURG,18,469,0,MECKLENBURG 18
U.S. House,9,Christian Cano,D,MECKLENBURG,8,734,0,MECKLENBURG 8
U.S. House,9,Christian Cano,D,MECKLENBURG,69,1217,0,MECKLENBURG 69
U.S. House,9,Christian Cano,D,MECKLENBURG,218,638,0,MECKLENBURG 218
U.S. House,9,Christian Cano,D,MECKLENBURG,233,997,0,MECKLENBURG 233
U.S. House,9,Christian Cano,D,MECKLENBURG,219,606,0,MECKLENBURG 219
U.S. House,9,Christian Cano,D,MECKLENBURG,91,1239,0,MECKLENBURG 91
U.S. House,9,Christian Cano,D,MECKLENBURG,119,522,0,MECKLENBURG 119
U.S. House,9,Christian Cano,D,MECKLENBURG,71,447,0,MECKLENBURG 71
U.S. House,9,Christian Cano,D,MECKLENBURG,19,521,0,MECKLENBURG 19
U.S. House,9,Christian Cano,D,MECKLENBURG,136,592,0,MECKLENBURG 136
U.S. House,9,Christian Cano,D,MECKLENBURG,90,559,0,MECKLENBURG 90
U.S. House,9,Christian Cano,D,MECKLENBURG,226,1213,0,MECKLENBURG 226
US PRESIDENT,,Hillary Clinton,D,GUILFORD,G20,942,34,GUILFORD G20
US PRESIDENT,,Hillary Clinton,D,GUILFORD,G67,1017,6,GUILFORD G67
US PRESIDENT,,Hillary Clinton,D,GUILFORD,G64,1362,24,GUILFORD G64
US PRESIDENT,,Hillary Clinton,D,GUILFORD,JEF4,650,15,GUILFORD JEF4
US PRESIDENT,,Hillary Clinton,D,GUILFORD,JEF3,2257,34,GUILFORD JEF3
US PRESIDENT,,Hillary Clinton,D,GUILFORD,H29A,865,18,GUILFORD H29A
US PRESIDENT,,Hillary Clinton,D,GUILFORD,H05,1161,6,GUILFORD H05
US PRESIDENT,,Hillary Clinton,D,GUILFORD,G08,1222,24,GUILFORD G08
US PRESIDENT,,Hillary Clinton,D,GUILFORD,G07,929,12,GUILFORD G07
US PRESIDENT,,Hillary Clinton,D,GUILFORD,FR3,625,22,GUILFORD FR3
US PRESIDENT,,Hillary Clinton,D,GUILFORD,SUM1,1006,5,GUILFORD SUM1
US PRESIDENT,,Hillary Clinton,D,GUILFORD,RC2,1370,26,GUILFORD RC2
US PRESIDENT,,Hillary Clinton,D,GUILFORD,CG1,1060,48,GUILFORD CG1
US PRESIDENT,,Hillary Clinton,D,GUILFORD,FR2,783,45,GUILFORD FR2
US PRESIDENT,,Hillary Clinton,D,GUILFORD,G22,642,43,GUILFORD G22
US PRESIDENT,,Hillary Clinton,D,GUILFORD,JAM5,209,5,GUILFORD JAM5
US PRESIDENT,,Hillary Clinton,D,GUILFORD,G49,674,5,GUILFORD G49
US PRESIDENT,,Hillary Clinton,D,GUILFORD,G50,1572,20,GUILFORD G50
US PRESIDENT,,Hillary Clinton,D,GUILFORD,G48,1666,39,GUILFORD G48
US PRESIDENT,,Hillary Clinton,D,GUILFORD,G27,1165,38,GUILFORD G27
US PRESIDENT,,Hillary Clinton,D,GUILFORD,G40A2,519,18,GUILFORD G40A2
US PRESIDENT,,Hillary Clinton,D,GUILFORD,G43,1336,30,GUILFORD G43
US PRESIDENT,,Hillary Clinton,D,GUILFORD,SWASH,125,3,GUILFORD SWASH
US PRESIDENT,,Hillary Clinton,D,GUILFORD,G42A,767,25,GUILFORD G42A
US PRESIDENT,,Hillary Clinton,D,GUILFORD,G61,1080,18,GUILFORD G61
US PRESIDENT,,Hillary Clinton,D,GUILFORD,H10,1261,30,GUILFORD H10
US PRESIDENT,,Hillary Clinton,D,GUILFORD,H17,554,6,GUILFORD H17
US PRESIDENT,,Hillary Clinton,D,GUILFORD,NWASH,154,4,GUILFORD NWASH
US PRESIDENT,,Hillary Clinton,D,GUILFORD,G04,1145,6,GUILFORD G04
US PRESIDENT,,Hillary Clinton,D,GUILFORD,G03,1238,17,GUILFORD G03
US PRESIDENT,,Hillary Clinton,D,GUILFORD,G01,809,5,GUILFORD G01
US PRESIDENT,,Hillary Clinton,D,GUILFORD,ABS/PROV/CURB 2,788,788,GUILFORD ABS/PROV/CURB 2
US PRESIDENT,,Hillary Clinton,D,GUILFORD,SF4,1021,29,GUILFORD SF4
US PRESIDENT,,Hillary Clinton,D,GUILFORD,SF3,937,35,GUILFORD SF3
US PRESIDENT,,Hillary Clinton,D,GUILFORD,NMAD,703,7,GUILFORD NMAD
US PRESIDENT,,Hillary Clinton,D,GUILFORD,G35,579,40,GUILFORD G35
US PRESIDENT,,Hillary Clinton,D,GUILFORD,G30,612,22,GUILFORD G30
US PRESIDENT,,Hillary Clinton,D,GUILFORD,G33,677,30,GUILFORD G33
US PRESIDENT,,Hillary Clinton,D,GUILFORD,G32,1061,69,GUILFORD G32
US PRESIDENT,,Hillary Clinton,D,GUILFORD,FR1,1783,36,GUILFORD FR1
US PRESIDENT,,Hillary Clinton,D,GUILFORD,FR5A,697,13,GUILFORD FR5A
US PRESIDENT,,Hillary Clinton,D,GUILFORD,FR5B,397,19,GUILFORD FR5B
US PRESIDENT,,Hillary Clinton,D,GUILFORD,H09,969,12,GUILFORD H09
US PRESIDENT,,Hillary Clinton,D,GUILFORD,G19,617,66,GUILFORD G19
US PRESIDENT,,Hillary Clinton,D,GUILFORD,G16,688,47,GUILFORD G16
US PRESIDENT,,Hillary Clinton,D,GUILFORD,G31,574,23,GUILFORD G31
US PRESIDENT,,Hillary Clinton,D,GUILFORD,SF1,837,26,GUILFORD SF1
US PRESIDENT,,Hillary Clinton,D,GUILFORD,H14,395,36,GUILFORD H14
US PRESIDENT,,Hillary Clinton,D,GUILFORD,NCGR2,519,26,GUILFORD NCGR2
US PRESIDENT,,Hillary Clinton,D,GUILFORD,NCLAY1,699,25,GUILFORD NCLAY1
US PRESIDENT,,Hillary Clinton,D,GUILFORD,G59,772,10,GUILFORD G59
US PRESIDENT,,Hillary Clinton,D,GUILFORD,G71,1494,18,GUILFORD G71
US PRESIDENT,,Hillary Clinton,D,GUILFORD,G72,1462,11,GUILFORD G72
US PRESIDENT,,Hillary Clinton,D,GUILFORD,H11,969,12,GUILFORD H11
US PRESIDENT,,Hillary Clinton,D,GUILFORD,G53,1860,12,GUILFORD G53
US PRESIDENT,,Hillary Clinton,D,GUILFORD,G56,930,15,GUILFORD G56
US PRESIDENT,,Hillary Clinton,D,GUILFORD,G41A,624,23,GUILFORD G41A
US PRESIDENT,,Hillary Clinton,D,GUILFORD,G15,756,58,GUILFORD G15
US PRESIDENT,,Hillary Clinton,D,GUILFORD,G29,764,19,GUILFORD G29
US PRESIDENT,,Hillary Clinton,D,GUILFORD,G12,697,26,GUILFORD G12
US PRESIDENT,,Hillary Clinton,D,DURHAM,OS-ENO,14585,0,DURHAM OS-ENO
US PRESIDENT,,Hillary Clinton,D,DURHAM,ABSENTEE,4207,4207,DURHAM ABSENTEE
US PRESIDENT,,Hillary Clinton,D,DURHAM,OS-BOE,17418,0,DURHAM OS-BOE
US PRESIDENT,,Hillary Clinton,D,DURHAM,30-2,536,0,DURHAM 30-2
US PRESIDENT,,Hillary Clinton,D,DURHAM,33,568,0,DURHAM 33
US PRESIDENT,,Hillary Clinton,D,DURHAM,55-11,395,0,DURHAM 55-11
US PRESIDENT,,Hillary Clinton,D,DURHAM,10,257,0,DURHAM 10
US PRESIDENT,,Hillary Clinton,D,DURHAM,34-2,524,0,DURHAM 34-2
US PRESIDENT,,Hillary Clinton,D,DURHAM,34-1,293,0,DURHAM 34-1
US PRESIDENT,,Hillary Clinton,D,DURHAM,9,359,0,DURHAM 9
US PRESIDENT,,Hillary Clinton,D,DURHAM,24,424,0,DURHAM 24
US PRESIDENT,,Hillary Clinton,D,DURHAM,23,571,0,DURHAM 23
US PRESIDENT,,Hillary Clinton,D,DURHAM,6,278,0,DURHAM 6
US PRESIDENT,,Hillary Clinton,D,DURHAM,3,337,0,DURHAM 3
US PRESIDENT,,Hillary Clinton,D,DURHAM,45,323,0,DURHAM 45
US PRESIDENT,,Hillary Clinton,D,DURHAM,40,276,0,DURHAM 40
US PRESIDENT,,Hillary Clinton,D,DURHAM,26,128,0,DURHAM 26
US PRESIDENT,,Hillary Clinton,D,DURHAM,29,411,0,DURHAM 29
US PRESIDENT,,Hillary Clinton,D,DURHAM,8,412,0,DURHAM 8
US PRESIDENT,,Hillary Clinton,D,DURHAM,42,220,0,DURHAM 42
US PRESIDENT,,Hillary Clinton,D,DURHAM,48,255,0,DURHAM 48
US PRESIDENT,,Hillary Clinton,D,DURHAM,53-1,306,0,DURHAM 53-1
US PRESIDENT,,Hillary Clinton,D,DURHAM,53-2,458,0,DURHAM 53-2
US PRESIDENT,,Hillary Clinton,D,DURHAM,OS-DUKE,7266,0,DURHAM OS-DUKE
US PRESIDENT,,Hillary Clinton,D,DURHAM,OS-NRL,12091,0,DURHAM OS-NRL
US PRESIDENT,,Hillary Clinton,D,DURHAM,OS-SRL,18327,0,DURHAM OS-SRL
US PRESIDENT,,Hillary Clinton,D,DURHAM,44,259,0,DURHAM 44
US PRESIDENT,,Hillary Clinton,D,DURHAM,22,726,0,DURHAM 22
US PRESIDENT,,Hillary Clinton,D,DURHAM,2,404,0,DURHAM 2
US PRESIDENT,,Hillary Clinton,D,DURHAM,5,459,0,DURHAM 5
US PRESIDENT,,Hillary Clinton,D,DURHAM,OS-IVY,4157,0,DURHAM OS-IVY
US PRESIDENT,,Hillary Clinton,D,DURHAM,OS-NCCU,3814,0,DURHAM OS-NCCU
US PRESIDENT,,Hillary Clinton,D,DURHAM,37,402,0,DURHAM 37
US PRESIDENT,,Hillary Clinton,D,DURHAM,21,280,0,DURHAM 21
US PRESIDENT,,Hillary Clinton,D,DURHAM,31,403,0,DURHAM 31
US PRESIDENT,,Hillary Clinton,D,DURHAM,35.3,540,0,DURHAM 35.3
US PRESIDENT,,Hillary Clinton,D,DURHAM,50,500,0,DURHAM 50
US PRESIDENT,,Hillary Clinton,D,DURHAM,18,479,0,DURHAM 18
US PRESIDENT,,Hillary Clinton,D,DURHAM,13,270,0,DURHAM 13
US PRESIDENT,,Hillary Clinton,D,DURHAM,36,447,0,DURHAM 36
US PRESIDENT,,Hillary Clinton,D,DURHAM,OS-DTC,1560,0,DURHAM OS-DTC
US PRESIDENT,,Hillary Clinton,D,DURHAM,52,462,0,DURHAM 52
US PRESIDENT,,Hillary Clinton,D,DURHAM,12,168,0,DURHAM 12
US PRESIDENT,,Hillary Clinton,D,DURHAM,15,266,0,DURHAM 15
US PRESIDENT,,Hillary Clinton,D,DURHAM,17,444,0,DURHAM 17
US PRESIDENT,,Hillary Clinton,D,DURHAM,OS-ERL,10540,0,DURHAM OS-ERL
US PRESIDENT,,Hillary Clinton,D,DURHAM,OS-FRONT,1617,0,DURHAM OS-FRONT
US PRESIDENT,,Hillary Clinton,D,DURHAM,OS-GETG,1145,0,DURHAM OS-GETG
US PRESIDENT,,Hillary Clinton,D,DURHAM,4,310,0,DURHAM 4
US PRESIDENT,,Hillary Clinton,D,DURHAM,7,282,0,DURHAM 7
US PRESIDENT,,Hillary Clinton,D,DURHAM,41,291,0,DURHAM 41
US PRESIDENT,,Hillary Clinton,D,DURHAM,46,428,0,DURHAM 46
US PRESIDENT,,Hillary Clinton,D,DURHAM,28,197,0,DURHAM 28
US PRESIDENT,,Hillary Clinton,D,DURHAM,25,151,0,DURHAM 25
US PRESIDENT,,Hillary Clinton,D,DURHAM,27,295,0,DURHAM 27
US PRESIDENT,,Hillary Clinton,D,DURHAM,OS-DTCN,684,0,DURHAM OS-DTCN
US PRESIDENT,,Hillary Clinton,D,DURHAM,47,295,0,DURHAM 47
US PRESIDENT,,Hillary Clinton,D,DURHAM,30-1,434,0,DURHAM 30-1
US PRESIDENT,,Hillary Clinton,D,DURHAM,32,122,0,DURHAM 32
US PRESIDENT,,Hillary Clinton,D,DURHAM,14,306,0,DURHAM 14
US PRESIDENT,,Hillary Clinton,D,DURHAM,16,291,0,DURHAM 16
US PRESIDENT,,Hillary Clinton,D,DURHAM,19,511,0,DURHAM 19
US PRESIDENT,,Hillary Clinton,D,DURHAM,51,475,0,DURHAM 51
US PRESIDENT,,Hillary Clinton,D,DURHAM,54,516,0,DURHAM 54
US PRESIDENT,,Hillary Clinton,D,DURHAM,OS-NJBC,2259,0,DURHAM OS-NJBC
US PRESIDENT,,Hillary Clinton,D,DURHAM,43,457,0,DURHAM 43
US PRESIDENT,,Hillary Clinton,D,DURHAM,55-49,347,0,DURHAM 55-49
US PRESIDENT,,Hillary Clinton,D,DURHAM,38,511,0,DURHAM 38
US PRESIDENT,,Hillary Clinton,D,DURHAM,39,377,0,DURHAM 39
US PRESIDENT,,Hillary Clinton,D,DURHAM,20,254,0,DURHAM 20
US PRESIDENT,,Hillary Clinton,D,DURHAM,1,197,0,DURHAM 1
US PRESIDENT,,Gary Johnson,L,DURHAM,1,9,0,DURHAM 1
US PRESIDENT,,Gary Johnson,L,DURHAM,20,5,0,DURHAM 20
US PRESIDENT,,Gary Johnson,L,DURHAM,39,27,0,DURHAM 39
US PRESIDENT,,Gary Johnson,L,DURHAM,25,33,0,DURHAM 25
US PRESIDENT,,Gary Johnson,L,DURHAM,28,32,0,DURHAM 28
US PRESIDENT,,Gary Johnson,L,DURHAM,4,12,0,DURHAM 4
US PRESIDENT,,Gary Johnson,L,DURHAM,46,21,0,DURHAM 46
US PRESIDENT,,Gary Johnson,L,DURHAM,43,41,0,DURHAM 43
US PRESIDENT,,Gary Johnson,L,DURHAM,41,2,0,DURHAM 41
US PRESIDENT,,Gary Johnson,L,DURHAM,OS-IVY,98,0,DURHAM OS-IVY
US PRESIDENT,,Gary Johnson,L,DURHAM,27,29,0,DURHAM 27
US PRESIDENT,,Gary Johnson,L,DURHAM,47,2,0,DURHAM 47
US PRESIDENT,,Gary Johnson,L,DURHAM,7,10,0,DURHAM 7
US PRESIDENT,,Gary Johnson,L,DURHAM,OS-NJBC,42,0,DURHAM OS-NJBC
US PRESIDENT,,Gary Johnson,L,DURHAM,OS-NRL,424,0,DURHAM OS-NRL
US PRESIDENT,,Gary Johnson,L,DURHAM,24,22,0,DURHAM 24
US PRESIDENT,,Gary Johnson,L,DURHAM,30-2,27,0,DURHAM 30-2
US PRESIDENT,,Gary Johnson,L,DURHAM,45,31,0,DURHAM 45
US PRESIDENT,,Gary Johnson,L,DURHAM,3,17,0,DURHAM 3
US PRESIDENT,,Gary Johnson,L,DURHAM,23,27,0,DURHAM 23
US PRESIDENT,,Gary Johnson,L,DURHAM,26,12,0,DURHAM 26
US PRESIDENT,,Gary Johnson,L,DURHAM,40,12,0,DURHAM 40
US PRESIDENT,,Gary Johnson,L,DURHAM,6,13,0,DURHAM 6
US PRESIDENT,,Gary Johnson,L,DURHAM,9,19,0,DURHAM 9
US PRESIDENT,,Gary Johnson,L,DURHAM,53-1,31,0,DURHAM 53-1
US PRESIDENT,,Gary Johnson,L,DURHAM,53-2,55,0,DURHAM 53-2
US PRESIDENT,,Gary Johnson,L,DURHAM,OS-GETG,17,0,DURHAM OS-GETG
US PRESIDENT,,Gary Johnson,L,DURHAM,35.3,47,0,DURHAM 35.3
US PRESIDENT,,Gary Johnson,L,DURHAM,15,5,0,DURHAM 15
US PRESIDENT,,Gary Johnson,L,DURHAM,17,4,0,DURHAM 17
US PRESIDENT,,Gary Johnson,L,DURHAM,12,7,0,DURHAM 12
US PRESIDENT,,Gary Johnson,L,DURHAM,OS-NCCU,48,0,DURHAM OS-NCCU
US PRESIDENT,,Gary Johnson,L,DURHAM,OS-SRL,507,0,DURHAM OS-SRL
US PRESIDENT,,Gary Johnson,L,DURHAM,52,9,0,DURHAM 52
US PRESIDENT,,Gary Johnson,L,DURHAM,36,16,0,DURHAM 36
US PRESIDENT,,Gary Johnson,L,DURHAM,14,6,0,DURHAM 14
US PRESIDENT,,Gary Johnson,L,DURHAM,54,37,0,DURHAM 54
US PRESIDENT,,Gary Johnson,L,DURHAM,55-49,4,0,DURHAM 55-49
US PRESIDENT,,Gary Johnson,L,DURHAM,OS-ERL,352,0,DURHAM OS-ERL
US PRESIDENT,,Gary Johnson,L,DURHAM,16,21,0,DURHAM 16
US PRESIDENT,,Gary Johnson,L,DURHAM,38,41,0,DURHAM 38
US PRESIDENT,,Gary Johnson,L,DURHAM,19,23,0,DURHAM 19
US PRESIDENT,,Gary Johnson,L,DURHAM,32,23,0,DURHAM 32
US PRESIDENT,,Gary Johnson,L,DURHAM,51,67,0,DURHAM 51
US PRESIDENT,,Gary Johnson,L,DURHAM,5,20,0,DURHAM 5
US PRESIDENT,,Gary Johnson,L,DURHAM,2,21,0,DURHAM 2
US PRESIDENT,,Gary Johnson,L,DURHAM,8,16,0,DURHAM 8
US PRESIDENT,,Gary Johnson,L,DURHAM,29,21,0,DURHAM 29
US PRESIDENT,,Gary Johnson,L,DURHAM,22,14,0,DURHAM 22
US PRESIDENT,,Gary Johnson,L,DURHAM,42,1,0,DURHAM 42
US PRESIDENT,,Gary Johnson,L,DURHAM,44,41,0,DURHAM 44
US PRESIDENT,,Gary Johnson,L,DURHAM,OS-FRONT,97,0,DURHAM OS-FRONT
US PRESIDENT,,Gary Johnson,L,DURHAM,OS-DUKE,196,0,DURHAM OS-DUKE
US PRESIDENT,,Gary Johnson,L,DURHAM,OS-DTC,40,0,DURHAM OS-DTC
US PRESIDENT,,Gary Johnson,L,DURHAM,48,21,0,DURHAM 48
US PRESIDENT,,Gary Johnson,L,DURHAM,30-1,37,0,DURHAM 30-1
US PRESIDENT,,Gary Johnson,L,DURHAM,OS-DTCN,49,0,DURHAM OS-DTCN
US PRESIDENT,,Gary Johnson,L,DURHAM,21,11,0,DURHAM 21
US PRESIDENT,,Gary Johnson,L,DURHAM,31,34,0,DURHAM 31
US PRESIDENT,,Gary Johnson,L,DURHAM,34-1,24,0,DURHAM 34-1
US PRESIDENT,,Gary Johnson,L,DURHAM,37,26,0,DURHAM 37
US PRESIDENT,,Gary Johnson,L,DURHAM,10,2,0,DURHAM 10
US PRESIDENT,,Gary Johnson,L,DURHAM,13,4,0,DURHAM 13
US PRESIDENT,,Gary Johnson,L,DURHAM,18,8,0,DURHAM 18
US PRESIDENT,,Gary Johnson,L,DURHAM,33,69,0,DURHAM 33
US PRESIDENT,,Gary Johnson,L,DURHAM,34-2,25,0,DURHAM 34-2
US PRESIDENT,,Gary Johnson,L,DURHAM,55-11,5,0,DURHAM 55-11
US PRESIDENT,,Gary Johnson,L,DURHAM,OS-BOE,241,0,DURHAM OS-BOE
US PRESIDENT,,Gary Johnson,L,DURHAM,ABSENTEE,166,166,DURHAM ABSENTEE
US PRESIDENT,,Gary Johnson,L,DURHAM,50,51,0,DURHAM 50
US PRESIDENT,,Gary Johnson,L,DURHAM,OS-ENO,440,0,DURHAM OS-ENO
US PRESIDENT,,Donald J. Trump,R,DURHAM,43,254,0,DURHAM 43
US PRESIDENT,,Donald J. Trump,R,DURHAM,55-49,4,0,DURHAM 55-49
US PRESIDENT,,Donald J. Trump,R,DURHAM,25,221,0,DURHAM 25
US PRESIDENT,,Donald J. Trump,R,DURHAM,27,176,0,DURHAM 27
US PRESIDENT,,Donald J. Trump,R,DURHAM,28,549,0,DURHAM 28
US PRESIDENT,,Donald J. Trump,R,DURHAM,7,34,0,DURHAM 7
US PRESIDENT,,Donald J. Trump,R,DURHAM,4,63,0,DURHAM 4
US PRESIDENT,,Donald J. Trump,R,DURHAM,41,7,0,DURHAM 41
US PRESIDENT,,Donald J. Trump,R,DURHAM,46,130,0,DURHAM 46
US PRESIDENT,,Donald J. Trump,R,DURHAM,47,11,0,DURHAM 47
US PRESIDENT,,Donald J. Trump,R,DURHAM,OS-NJBC,161,0,DURHAM OS-NJBC
US PRESIDENT,,Donald J. Trump,R,DURHAM,15,25,0,DURHAM 15
US PRESIDENT,,Donald J. Trump,R,DURHAM,12,13,0,DURHAM 12
US PRESIDENT,,Donald J. Trump,R,DURHAM,36,95,0,DURHAM 36
US PRESIDENT,,Donald J. Trump,R,DURHAM,52,58,0,DURHAM 52
US PRESIDENT,,Donald J. Trump,R,DURHAM,OS-NCCU,62,0,DURHAM OS-NCCU
US PRESIDENT,,Donald J. Trump,R,DURHAM,48,106,0,DURHAM 48
US PRESIDENT,,Donald J. Trump,R,DURHAM,42,7,0,DURHAM 42
US PRESIDENT,,Donald J. Trump,R,DURHAM,OS-DTC,142,0,DURHAM OS-DTC
US PRESIDENT,,Donald J. Trump,R,DURHAM,8,35,0,DURHAM 8
US PRESIDENT,,Donald J. Trump,R,DURHAM,29,306,0,DURHAM 29
US PRESIDENT,,Donald J. Trump,R,DURHAM,OS-ERL,3724,0,DURHAM OS-ERL
US PRESIDENT,,Donald J. Trump,R,DURHAM,51,178,0,DURHAM 51
US PRESIDENT,,Donald J. Trump,R,DURHAM,54,146,0,DURHAM 54
US PRESIDENT,,Donald J. Trump,R,DURHAM,32,231,0,DURHAM 32
US PRESIDENT,,Donald J. Trump,R,DURHAM,19,91,0,DURHAM 19
US PRESIDENT,,Donald J. Trump,R,DURHAM,14,25,0,DURHAM 14
US PRESIDENT,,Donald J. Trump,R,DURHAM,16,123,0,DURHAM 16
US PRESIDENT,,Donald J. Trump,R,DURHAM,OS-GETG,91,0,DURHAM OS-GETG
US PRESIDENT,,Donald J. Trump,R,DURHAM,39,243,0,DURHAM 39
US PRESIDENT,,Donald J. Trump,R,DURHAM,38,176,0,DURHAM 38
US PRESIDENT,,Donald J. Trump,R,DURHAM,ABSENTEE,1204,1204,DURHAM ABSENTEE
US PRESIDENT,,Donald J. Trump,R,DURHAM,20,34,0,DURHAM 20
US PRESIDENT,,Donald J. Trump,R,DURHAM,1,26,0,DURHAM 1
US PRESIDENT,,Donald J. Trump,R,DURHAM,30-2,118,0,DURHAM 30-2
US PRESIDENT,,Donald J. Trump,R,DURHAM,17,18,0,DURHAM 17
US PRESIDENT,,Donald J. Trump,R,DURHAM,OS-SRL,2783,0,DURHAM OS-SRL
US PRESIDENT,,Donald J. Trump,R,DURHAM,OS-DUKE,740,0,DURHAM OS-DUKE
US PRESIDENT,,Donald J. Trump,R,DURHAM,3,69,0,DURHAM 3
US PRESIDENT,,Donald J. Trump,R,DURHAM,9,93,0,DURHAM 9
US PRESIDENT,,Donald J. Trump,R,DURHAM,6,24,0,DURHAM 6
US PRESIDENT,,Donald J. Trump,R,DURHAM,40,54,0,DURHAM 40
US PRESIDENT,,Donald J. Trump,R,DURHAM,35.3,286,0,DURHAM 35.3
US PRESIDENT,,Donald J. Trump,R,DURHAM,45,303,0,DURHAM 45
US PRESIDENT,,Donald J. Trump,R,DURHAM,26,317,0,DURHAM 26
US PRESIDENT,,Donald J. Trump,R,DURHAM,24,279,0,DURHAM 24
US PRESIDENT,,Donald J. Trump,R,DURHAM,23,105,0,DURHAM 23
US PRESIDENT,,Donald J. Trump,R,DURHAM,10,11,0,DURHAM 10
US PRESIDENT,,Donald J. Trump,R,DURHAM,OS-IVY,376,0,DURHAM OS-IVY
US PRESIDENT,,Donald J. Trump,R,DURHAM,55-11,6,0,DURHAM 55-11
US PRESIDENT,,Donald J. Trump,R,DURHAM,OS-BOE,1006,0,DURHAM OS-BOE
US PRESIDENT,,Donald J. Trump,R,DURHAM,OS-FRONT,494,0,DURHAM OS-FRONT
US PRESIDENT,,Donald J. Trump,R,DURHAM,OS-ENO,2869,0,DURHAM OS-ENO
US PRESIDENT,,Donald J. Trump,R,DURHAM,2,61,0,DURHAM 2
US PRESIDENT,,Donald J. Trump,R,DURHAM,5,82,0,DURHAM 5
US PRESIDENT,,Donald J. Trump,R,DURHAM,44,232,0,DURHAM 44
US PRESIDENT,,Donald J. Trump,R,DURHAM,30-1,220,0,DURHAM 30-1
US PRESIDENT,,Donald J. Trump,R,DURHAM,22,44,0,DURHAM 22
US PRESIDENT,,Donald J. Trump,R,DURHAM,21,68,0,DURHAM 21
US PRESIDENT,,Donald J. Trump,R,DURHAM,34-2,81,0,DURHAM 34-2
US PRESIDENT,,Donald J. Trump,R,DURHAM,33,249,0,DURHAM 33
US PRESIDENT,,Donald J. Trump,R,DURHAM,34-1,87,0,DURHAM 34-1
US PRESIDENT,,Donald J. Trump,R,DURHAM,OS-DTCN,632,0,DURHAM OS-DTCN
US PRESIDENT,,Donald J. Trump,R,DURHAM,53-2,240,0,DURHAM 53-2
US PRESIDENT,,Donald J. Trump,R,DURHAM,53-1,152,0,DURHAM 53-1
US PRESIDENT,,Donald J. Trump,R,DURHAM,50,240,0,DURHAM 50
US PRESIDENT,,Donald J. Trump,R,DURHAM,37,343,0,DURHAM 37
US PRESIDENT,,Donald J. Trump,R,DURHAM,OS-NRL,6443,0,DURHAM OS-NRL
US PRESIDENT,,Donald J. Trump,R,DURHAM,18,32,0,DURHAM 18
US PRESIDENT,,Donald J. Trump,R,DURHAM,31,296,0,DURHAM 31
US PRESIDENT,,Donald J. Trump,R,DURHAM,13,10,0,DURHAM 13
US PRESIDENT,,Hillary Clinton,D,DAVIDSON,66,414,0,DAVIDSON 66
US PRESIDENT,,Hillary Clinton,D,DAVIDSON,78,332,0,DAVIDSON 78
US PRESIDENT,,Hillary Clinton,D,DAVIDSON,72,263,0,DAVIDSON 72
US PRESIDENT,,Hillary Clinton,D,DAVIDSON,52,464,0,DAVIDSON 52
US PRESIDENT,,Hillary Clinton,D,DAVIDSON,46,314,0,DAVIDSON 46
US PRESIDENT,,Hillary Clinton,D,DAVIDSON,28,373,0,DAVIDSON 28
US PRESIDENT,,Hillary Clinton,D,DAVIDSON,4,824,0,DAVIDSON 4
US PRESIDENT,,Hillary Clinton,D,DAVIDSON,36,430,0,DAVIDSON 36
US PRESIDENT,,Hillary Clinton,D,DAVIDSON,60,874,0,DAVIDSON 60
US PRESIDENT,,Hillary Clinton,D,DAVIDSON,12,86,0,DAVIDSON 12
US PRESIDENT,,Hillary Clinton,D,DAVIDSON,50,318,0,DAVIDSON 50
US PRESIDENT,,Hillary Clinton,D,DAVIDSON,56,92,0,DAVIDSON 56
US PRESIDENT,,Hillary Clinton,D,DAVIDSON,24,192,0,DAVIDSON 24
US PRESIDENT,,Hillary Clinton,D,DAVIDSON,40,589,0,DAVIDSON 40
US PRESIDENT,,Hillary Clinton,D,DAVIDSON,26,171,0,DAVIDSON 26
US PRESIDENT,,Hillary Clinton,D,DAVIDSON,6,252,0,DAVIDSON 6
US PRESIDENT,,Hillary Clinton,D,DAVIDSON,10,337,0,DAVIDSON 10
US PRESIDENT,,Hillary Clinton,D,DAVIDSON,74,353,0,DAVIDSON 74
US PRESIDENT,,Hillary Clinton,D,DAVIDSON,64,665,0,DAVIDSON 64
US PRESIDENT,,Hillary Clinton,D,DAVIDSON,18,203,0,DAVIDSON 18
US PRESIDENT,,Hillary Clinton,D,DAVIDSON,30,859,0,DAVIDSON 30
US PRESIDENT,,Hillary Clinton,D,DAVIDSON,54,88,0,DAVIDSON 54
US PRESIDENT,,Hillary Clinton,D,DAVIDSON,82,292,0,DAVIDSON 82
US PRESIDENT,,Hillary Clinton,D,DAVIDSON,68,512,0,DAVIDSON 68
US PRESIDENT,,Hillary Clinton,D,DAVIDSON,88,398,0,DAVIDSON 88
US PRESIDENT,,Hillary Clinton,D,DAVIDSON,62,577,0,DAVIDSON 62
US PRESIDENT,,Hillary Clinton,D,DAVIDSON,34,494,0,DAVIDSON 34
US PRESIDENT,,Hillary Clinton,D,DAVIDSON,14,132,0,DAVIDSON 14
US PRESIDENT,,Hillary Clinton,D,DAVIDSON,ABSENTEE,853,853,DAVIDSON ABSENTEE
US PRESIDENT,,Hillary Clinton,D,DAVIDSON,16,291,0,DAVIDSON 16
US PRESIDENT,,Hillary Clinton,D,DAVIDSON,20,237,0,DAVIDSON 20
US PRESIDENT,,Hillary Clinton,D,DAVIDSON,84,766,0,DAVIDSON 84
US PRESIDENT,,Hillary Clinton,D,DAVIDSON,38,477,0,DAVIDSON 38
US PRESIDENT,,Hillary Clinton,D,DAVIDSON,32,349,0,DAVIDSON 32
US PRESIDENT,,Hillary Clinton,D,DAVIDSON,22,95,0,DAVIDSON 22
US PRESIDENT,,Hillary Clinton,D,DAVIDSON,42,132,0,DAVIDSON 42
US PRESIDENT,,Hillary Clinton,D,DAVIDSON,44,635,0,DAVIDSON 44
US PRESIDENT,,Hillary Clinton,D,DAVIDSON,58,366,0,DAVIDSON 58
US PRESIDENT,,Hillary Clinton,D,DAVIDSON,70,250,0,DAVIDSON 70
US PRESIDENT,,Hillary Clinton,D,DAVIDSON,80A,523,0,DAVIDSON 80A
US PRESIDENT,,Hillary Clinton,D,DAVIDSON,8,169,0,DAVIDSON 8
US PRESIDENT,,Hillary Clinton,D,DAVIDSON,86A,730,0,DAVIDSON 86A
US PRESIDENT,,Hillary Clinton,D,DAVIDSON,48,265,0,DAVIDSON 48
US PRESIDENT,,Hillary Clinton,D,DAVIDSON,76,320,0,DAVIDSON 76
US PRESIDENT,,Gary Johnson,L,DAVIDSON,56,18,0,DAVIDSON 56
US PRESIDENT,,Gary Johnson,L,DAVIDSON,10,51,0,DAVIDSON 10
US PRESIDENT,,Gary Johnson,L,DAVIDSON,80A,97,0,DAVIDSON 80A
US PRESIDENT,,Gary Johnson,L,DAVIDSON,40,27,0,DAVIDSON 40
US PRESIDENT,,Gary Johnson,L,DAVIDSON,60,79,0,DAVIDSON 60
US PRESIDENT,,Gary Johnson,L,DAVIDSON,66,19,0,DAVIDSON 66
US PRESIDENT,,Gary Johnson,L,DAVIDSON,78,65,0,DAVIDSON 78
US PRESIDENT,,Gary Johnson,L,DAVIDSON,72,36,0,DAVIDSON 72
US PRESIDENT,,Gary Johnson,L,DAVIDSON,50,38,0,DAVIDSON 50
US PRESIDENT,,Gary Johnson,L,DAVIDSON,30,22,0,DAVIDSON 30
US PRESIDENT,,Gary Johnson,L,DAVIDSON,26,15,0,DAVIDSON 26
US PRESIDENT,,Gary Johnson,L,DAVIDSON,18,27,0,DAVIDSON 18
US PRESIDENT,,Gary Johnson,L,DAVIDSON,24,22,0,DAVIDSON 24
US PRESIDENT,,Gary Johnson,L,DAVIDSON,6,37,0,DAVIDSON 6
US PRESIDENT,,Gary Johnson,L,DAVIDSON,ABSENTEE,97,97,DAVIDSON ABSENTEE
US PRESIDENT,,Gary Johnson,L,DAVIDSON,74,51,0,DAVIDSON 74
US PRESIDENT,,Gary Johnson,L,DAVIDSON,42,25,0,DAVIDSON 42
US PRESIDENT,,Gary Johnson,L,DAVIDSON,68,31,0,DAVIDSON 68
US PRESIDENT,,Gary Johnson,L,DAVIDSON,48,33,0,DAVIDSON 48
US PRESIDENT,,Gary Johnson,L,DAVIDSON,82,52,0,DAVIDSON 82
US PRESIDENT,,Gary Johnson,L,DAVIDSON,64,11,0,DAVIDSON 64
US PRESIDENT,,Gary Johnson,L,DAVIDSON,44,70,0,DAVIDSON 44
US PRESIDENT,,Gary Johnson,L,DAVIDSON,22,21,0,DAVIDSON 22
US PRESIDENT,,Gary Johnson,L,DAVIDSON,16,68,0,DAVIDSON 16
US PRESIDENT,,Gary Johnson,L,DAVIDSON,14,40,0,DAVIDSON 14
US PRESIDENT,,Gary Johnson,L,DAVIDSON,32,17,0,DAVIDSON 32
US PRESIDENT,,Gary Johnson,L,DAVIDSON,34,31,0,DAVIDSON 34
US PRESIDENT,,Gary Johnson,L,DAVIDSON,54,14,0,DAVIDSON 54
US PRESIDENT,,Gary Johnson,L,DAVIDSON,86A,55,0,DAVIDSON 86A
US PRESIDENT,,Gary Johnson,L,DAVIDSON,88,34,0,DAVIDSON 88
US PRESIDENT,,Gary Johnson,L,DAVIDSON,76,47,0,DAVIDSON 76
US PRESIDENT,,Gary Johnson,L,DAVIDSON,8,20,0,DAVIDSON 8
US PRESIDENT,,Gary Johnson,L,DAVIDSON,70,26,0,DAVIDSON 70
US PRESIDENT,,Gary Johnson,L,DAVIDSON,58,57,0,DAVIDSON 58
US PRESIDENT,,Gary Johnson,L,DAVIDSON,38,23,0,DAVIDSON 38
US PRESIDENT,,Gary Johnson,L,DAVIDSON,12,18,0,DAVIDSON 12
US PRESIDENT,,Gary Johnson,L,DAVIDSON,36,25,0,DAVIDSON 36
US PRESIDENT,,Gary Johnson,L,DAVIDSON,52,57,0,DAVIDSON 52
US PRESIDENT,,Gary Johnson,L,DAVIDSON,4,97,0,DAVIDSON 4
US PRESIDENT,,Gary Johnson,L,DAVIDSON,28,42,0,DAVIDSON 28
US PRESIDENT,,Gary Johnson,L,DAVIDSON,62,10,0,DAVIDSON 62
US PRESIDENT,,Gary Johnson,L,DAVIDSON,46,49,0,DAVIDSON 46
US PRESIDENT,,Gary Johnson,L,DAVIDSON,20,54,0,DAVIDSON 20
US PRESIDENT,,Gary Johnson,L,DAVIDSON,84,94,0,DAVIDSON 84
US PRESIDENT,,Donald J. Trump,R,DAVIDSON,64,202,0,DAVIDSON 64
US PRESIDENT,,Donald J. Trump,R,DAVIDSON,8,527,0,DAVIDSON 8
US PRESIDENT,,Donald J. Trump,R,DAVIDSON,22,462,0,DAVIDSON 22
US PRESIDENT,,Donald J. Trump,R,DAVIDSON,42,1350,0,DAVIDSON 42
US PRESIDENT,,Donald J. Trump,R,DAVIDSON,88,1115,0,DAVIDSON 88
US PRESIDENT,,Donald J. Trump,R,DAVIDSON,ABSENTEE,2594,2594,DAVIDSON ABSENTEE
US PRESIDENT,,Donald J. Trump,R,DAVIDSON,82,1370,0,DAVIDSON 82
US PRESIDENT,,Donald J. Trump,R,DAVIDSON,48,1362,0,DAVIDSON 48
US PRESIDENT,,Donald J. Trump,R,DAVIDSON,68,712,0,DAVIDSON 68
US PRESIDENT,,Donald J. Trump,R,DAVIDSON,74,2018,0,DAVIDSON 74
US PRESIDENT,,Donald J. Trump,R,DAVIDSON,80A,2681,0,DAVIDSON 80A
US PRESIDENT,,Donald J. Trump,R,DAVIDSON,44,1930,0,DAVIDSON 44
US PRESIDENT,,Donald J. Trump,R,DAVIDSON,32,289,0,DAVIDSON 32
US PRESIDENT,,Donald J. Trump,R,DAVIDSON,38,114,0,DAVIDSON 38
US PRESIDENT,,Donald J. Trump,R,DAVIDSON,58,1574,0,DAVIDSON 58
US PRESIDENT,,Donald J. Trump,R,DAVIDSON,70,1254,0,DAVIDSON 70
US PRESIDENT,,Donald J. Trump,R,DAVIDSON,16,1633,0,DAVIDSON 16
US PRESIDENT,,Donald J. Trump,R,DAVIDSON,20,1485,0,DAVIDSON 20
US PRESIDENT,,Donald J. Trump,R,DAVIDSON,34,503,0,DAVIDSON 34
US PRESIDENT,,Donald J. Trump,R,DAVIDSON,14,1075,0,DAVIDSON 14
US PRESIDENT,,Donald J. Trump,R,DAVIDSON,54,1087,0,DAVIDSON 54
US PRESIDENT,,Donald J. Trump,R,DAVIDSON,4,2788,0,DAVIDSON 4
US PRESIDENT,,Donald J. Trump,R,DAVIDSON,28,1116,0,DAVIDSON 28
US PRESIDENT,,Donald J. Trump,R,DAVIDSON,62,233,0,DAVIDSON 62
US PRESIDENT,,Donald J. Trump,R,DAVIDSON,46,1311,0,DAVIDSON 46
US PRESIDENT,,Donald J. Trump,R,DAVIDSON,76,1734,0,DAVIDSON 76
US PRESIDENT,,Donald J. Trump,R,DAVIDSON,84,2358,0,DAVIDSON 84
US PRESIDENT,,Donald J. Trump,R,DAVIDSON,52,2323,0,DAVIDSON 52
US PRESIDENT,,Donald J. Trump,R,DAVIDSON,36,283,0,DAVIDSON 36
US PRESIDENT,,Donald J. Trump,R,DAVIDSON,12,436,0,DAVIDSON 12
US PRESIDENT,,Donald J. Trump,R,DAVIDSON,86A,1297,0,DAVIDSON 86A
US PRESIDENT,,Donald J. Trump,R,DAVIDSON,72,1469,0,DAVIDSON 72
US PRESIDENT,,Donald J. Trump,R,DAVIDSON,78,1712,0,DAVIDSON 78
US PRESIDENT,,Donald J. Trump,R,DAVIDSON,18,1092,0,DAVIDSON 18
US PRESIDENT,,Donald J. Trump,R,DAVIDSON,30,200,0,DAVIDSON 30
US PRESIDENT,,Donald J. Trump,R,DAVIDSON,50,1897,0,DAVIDSON 50
US PRESIDENT,,Donald J. Trump,R,DAVIDSON,56,737,0,DAVIDSON 56
US PRESIDENT,,Donald J. Trump,R,DAVIDSON,60,1679,0,DAVIDSON 60
US PRESIDENT,,Donald J. Trump,R,DAVIDSON,26,482,0,DAVIDSON 26
US PRESIDENT,,Donald J. Trump,R,DAVIDSON,10,1202,0,DAVIDSON 10
US PRESIDENT,,Donald J. Trump,R,DAVIDSON,6,1447,0,DAVIDSON 6
US PRESIDENT,,Donald J. Trump,R,DAVIDSON,40,625,0,DAVIDSON 40
US PRESIDENT,,Donald J. Trump,R,DAVIDSON,24,626,0,DAVIDSON 24
US PRESIDENT,,Donald J. Trump,R,DAVIDSON,66,547,0,DAVIDSON 66
US PRESIDENT,,Hillary Clinton,D,CRAVEN,3,700,49,CRAVEN 3
US PRESIDENT,,Hillary Clinton,D,CRAVEN,13,91,0,CRAVEN 13
US PRESIDENT,,Hillary Clinton,D,CRAVEN,10,200,5,CRAVEN 10
US PRESIDENT,,Hillary Clinton,D,CRAVEN,20,752,58,CRAVEN 20
US PRESIDENT,,Hillary Clinton,D,CRAVEN,N3,616,23,CRAVEN N3
US PRESIDENT,,Hillary Clinton,D,CRAVEN,N4,1408,57,CRAVEN N4
US PRESIDENT,,Hillary Clinton,D,CRAVEN,17,321,19,CRAVEN 17
US PRESIDENT,,Hillary Clinton,D,CRAVEN,15,203,3,CRAVEN 15
US PRESIDENT,,Hillary Clinton,D,CRAVEN,12,36,0,CRAVEN 12
US PRESIDENT,,Hillary Clinton,D,CRAVEN,4,348,13,CRAVEN 4
US PRESIDENT,,Hillary Clinton,D,CRAVEN,7,681,36,CRAVEN 7
US PRESIDENT,,Hillary Clinton,D,CRAVEN,6,490,19,CRAVEN 6
US PRESIDENT,,Hillary Clinton,D,CRAVEN,9,192,2,CRAVEN 9
US PRESIDENT,,Hillary Clinton,D,CRAVEN,N2,1139,38,CRAVEN N2
US PRESIDENT,,Hillary Clinton,D,CRAVEN,23,1180,80,CRAVEN 23
US PRESIDENT,,Hillary Clinton,D,CRAVEN,N1,933,55,CRAVEN N1
US PRESIDENT,,Hillary Clinton,D,CRAVEN,11,377,18,CRAVEN 11
US PRESIDENT,,Hillary Clinton,D,CRAVEN,21,531,23,CRAVEN 21
US PRESIDENT,,Hillary Clinton,D,CRAVEN,14,877,25,CRAVEN 14
US PRESIDENT,,Hillary Clinton,D,CRAVEN,2,1808,52,CRAVEN 2
US PRESIDENT,,Hillary Clinton,D,CRAVEN,8,283,2,CRAVEN 8
US PRESIDENT,,Hillary Clinton,D,CRAVEN,5,604,32,CRAVEN 5
US PRESIDENT,,Hillary Clinton,D,CRAVEN,16,762,52,CRAVEN 16
US PRESIDENT,,Hillary Clinton,D,CRAVEN,19,962,39,CRAVEN 19
US PRESIDENT,,Hillary Clinton,D,CRAVEN,N5,851,36,CRAVEN N5
US PRESIDENT,,Hillary Clinton,D,CRAVEN,N6,1285,85,CRAVEN N6
US PRESIDENT,,Gary Johnson,L,CRAVEN,5,63,6,CRAVEN 5
US PRESIDENT,,Gary Johnson,L,CRAVEN,8,6,0,CRAVEN 8
US PRESIDENT,,Gary Johnson,L,CRAVEN,11,49,1,CRAVEN 11
US PRESIDENT,,Gary Johnson,L,CRAVEN,N6,100,6,CRAVEN N6
US PRESIDENT,,Gary Johnson,L,CRAVEN,N5,29,0,CRAVEN N5
US PRESIDENT,,Gary Johnson,L,CRAVEN,20,51,3,CRAVEN 20
US PRESIDENT,,Gary Johnson,L,CRAVEN,16,78,5,CRAVEN 16
US PRESIDENT,,Gary Johnson,L,CRAVEN,19,34,1,CRAVEN 19
US PRESIDENT,,Gary Johnson,L,CRAVEN,14,38,3,CRAVEN 14
US PRESIDENT,,Gary Johnson,L,CRAVEN,4,30,2,CRAVEN 4
US PRESIDENT,,Gary Johnson,L,CRAVEN,7,30,3,CRAVEN 7
US PRESIDENT,,Gary Johnson,L,CRAVEN,12,10,0,CRAVEN 12
US PRESIDENT,,Gary Johnson,L,CRAVEN,15,10,0,CRAVEN 15
US PRESIDENT,,Gary Johnson,L,CRAVEN,N1,43,2,CRAVEN N1
US PRESIDENT,,Gary Johnson,L,CRAVEN,N2,23,2,CRAVEN N2
US PRESIDENT,,Gary Johnson,L,CRAVEN,13,11,0,CRAVEN 13
US PRESIDENT,,Gary Johnson,L,CRAVEN,21,47,3,CRAVEN 21
US PRESIDENT,,Gary Johnson,L,CRAVEN,2,204,7,CRAVEN 2
US PRESIDENT,,Gary Johnson,L,CRAVEN,3,78,11,CRAVEN 3
US PRESIDENT,,Gary Johnson,L,CRAVEN,6,18,2,CRAVEN 6
US PRESIDENT,,Gary Johnson,L,CRAVEN,23,81,4,CRAVEN 23
US PRESIDENT,,Gary Johnson,L,CRAVEN,10,9,0,CRAVEN 10
US PRESIDENT,,Gary Johnson,L,CRAVEN,9,2,0,CRAVEN 9
US PRESIDENT,,Gary Johnson,L,CRAVEN,17,55,4,CRAVEN 17
US PRESIDENT,,Gary Johnson,L,CRAVEN,N3,39,0,CRAVEN N3
US PRESIDENT,,Gary Johnson,L,CRAVEN,N4,72,7,CRAVEN N4
US PRESIDENT,,Donald J. Trump,R,CRAVEN,16,1919,85,CRAVEN 16
US PRESIDENT,,Donald J. Trump,R,CRAVEN,20,1504,121,CRAVEN 20
US PRESIDENT,,Donald J. Trump,R,CRAVEN,19,1073,33,CRAVEN 19
US PRESIDENT,,Donald J. Trump,R,CRAVEN,11,1463,45,CRAVEN 11
US PRESIDENT,,Donald J. Trump,R,CRAVEN,14,1398,24,CRAVEN 14
US PRESIDENT,,Donald J. Trump,R,CRAVEN,13,427,5,CRAVEN 13
US PRESIDENT,,Donald J. Trump,R,CRAVEN,21,1400,40,CRAVEN 21
US PRESIDENT,,Donald J. Trump,R,CRAVEN,2,3349,124,CRAVEN 2
US PRESIDENT,,Donald J. Trump,R,CRAVEN,5,1289,69,CRAVEN 5
US PRESIDENT,,Donald J. Trump,R,CRAVEN,8,411,12,CRAVEN 8
US PRESIDENT,,Donald J. Trump,R,CRAVEN,N5,357,15,CRAVEN N5
US PRESIDENT,,Donald J. Trump,R,CRAVEN,N6,1770,120,CRAVEN N6
US PRESIDENT,,Donald J. Trump,R,CRAVEN,N2,326,13,CRAVEN N2
US PRESIDENT,,Donald J. Trump,R,CRAVEN,N1,574,41,CRAVEN N1
US PRESIDENT,,Donald J. Trump,R,CRAVEN,4,454,18,CRAVEN 4
US PRESIDENT,,Donald J. Trump,R,CRAVEN,7,1020,16,CRAVEN 7
US PRESIDENT,,Donald J. Trump,R,CRAVEN,12,322,11,CRAVEN 12
US PRESIDENT,,Donald J. Trump,R,CRAVEN,17,1205,59,CRAVEN 17
US PRESIDENT,,Donald J. Trump,R,CRAVEN,15,379,7,CRAVEN 15
US PRESIDENT,,Donald J. Trump,R,CRAVEN,3,1990,93,CRAVEN 3
US PRESIDENT,,Donald J. Trump,R,CRAVEN,10,419,8,CRAVEN 10
US PRESIDENT,,Donald J. Trump,R,CRAVEN,N4,1079,54,CRAVEN N4
US PRESIDENT,,Donald J. Trump,R,CRAVEN,N3,714,25,CRAVEN N3
US PRESIDENT,,Donald J. Trump,R,CRAVEN,23,2267,122,CRAVEN 23
US PRESIDENT,,Donald J. Trump,R,CRAVEN,6,431,11,CRAVEN 6
US PRESIDENT,,Donald J. Trump,R,CRAVEN,9,191,9,CRAVEN 9
US SENATE,,Sean Haugh,L,CLEVELAND,S 5,46,2,CLEVELAND S 5
US SENATE,,Sean Haugh,L,CLEVELAND,LAWNDL,39,0,CLEVELAND LAWNDL
US SENATE,,Sean Haugh,L,CLEVELAND,GROVER,63,1,CLEVELAND GROVER
US SENATE,,Sean Haugh,L,CLEVELAND,KINGST,23,0,CLEVELAND KINGST
US SENATE,,Sean Haugh,L,CLEVELAND,BR,124,6,CLEVELAND BR
US SENATE,,Sean Haugh,L,CLEVELAND,S C,152,6,CLEVELAND S C
US SENATE,,Sean Haugh,L,CLEVELAND,MULLS,66,3,CLEVELAND MULLS
US SENATE,,Sean Haugh,L,CLEVELAND,LATT,65,2,CLEVELAND LATT
US SENATE,,Sean Haugh,L,CLEVELAND,KM N,135,3,CLEVELAND KM N
US SENATE,,Sean Haugh,L,CLEVELAND,BETHWR,53,1,CLEVELAND BETHWR
US SENATE,,Sean Haugh,L,CLEVELAND,FALSTN,43,2,CLEVELAND FALSTN
US SENATE,,Sean Haugh,L,CLEVELAND,RIPPY,83,2,CLEVELAND RIPPY
US SENATE,,Sean Haugh,L,CLEVELAND,MRB-YO,49,2,CLEVELAND MRB-YO
US SENATE,,Sean Haugh,L,CLEVELAND,POLKVL,71,0,CLEVELAND POLKVL
US SENATE,,Sean Haugh,L,CLEVELAND,WACO,67,3,CLEVELAND WACO
US SENATE,,Sean Haugh,L,CLEVELAND,S 4A,105,2,CLEVELAND S 4A
US SENATE,,Sean Haugh,L,CLEVELAND,OAKGRV,77,4,CLEVELAND OAKGRV
US SENATE,,Sean Haugh,L,CLEVELAND,S S,145,3,CLEVELAND S S
US SENATE,,Sean Haugh,L,CLEVELAND,SHANGI,68,2,CLEVELAND SHANGI
US SENATE,,Sean Haugh,L,CLEVELAND,KM S,91,1,CLEVELAND KM S
US SENATE,,Sean Haugh,L,CLEVELAND,CASAR,40,0,CLEVELAND CASAR
US SENATE,,Richard Burr,R,CLEVELAND,GROVER,1510,50,CLEVELAND GROVER
US SENATE,,Richard Burr,R,CLEVELAND,S 5,875,32,CLEVELAND S 5
US SENATE,,Richard Burr,R,CLEVELAND,BR,2265,62,CLEVELAND BR
US SENATE,,Richard Burr,R,CLEVELAND,LAWNDL,595,21,CLEVELAND LAWNDL
US SENATE,,Richard Burr,R,CLEVELAND,WACO,1359,42,CLEVELAND WACO
US SENATE,,Richard Burr,R,CLEVELAND,FALSTN,867,17,CLEVELAND FALSTN
US SENATE,,Richard Burr,R,CLEVELAND,RIPPY,1566,41,CLEVELAND RIPPY
US SENATE,,Richard Burr,R,CLEVELAND,MRB-YO,759,19,CLEVELAND MRB-YO
US SENATE,,Richard Burr,R,CLEVELAND,MULLS,1043,25,CLEVELAND MULLS
US SENATE,,Richard Burr,R,CLEVELAND,LATT,1393,56,CLEVELAND LATT
US SENATE,,Richard Burr,R,CLEVELAND,S C,2078,102,CLEVELAND S C
US SENATE,,Richard Burr,R,CLEVELAND,KINGST,212,11,CLEVELAND KINGST
US SENATE,,Richard Burr,R,CLEVELAND,BETHWR,937,29,CLEVELAND BETHWR
US SENATE,,Richard Burr,R,CLEVELAND,S S,1927,74,CLEVELAND S S
US SENATE,,Richard Burr,R,CLEVELAND,S 4A,1527,59,CLEVELAND S 4A
US SENATE,,Richard Burr,R,CLEVELAND,CASAR,813,21,CLEVELAND CASAR
US SENATE,,Richard Burr,R,CLEVELAND,KM S,1711,63,CLEVELAND KM S
US SENATE,,Richard Burr,R,CLEVELAND,KM N,1876,81,CLEVELAND KM N
US SENATE,,Richard Burr,R,CLEVELAND,SHANGI,1256,26,CLEVELAND SHANGI
US SENATE,,Richard Burr,R,CLEVELAND,OAKGRV,1699,43,CLEVELAND OAKGRV
US SENATE,,Richard Burr,R,CLEVELAND,POLKVL,1223,29,CLEVELAND POLKVL
US SENATE,,Deborah K. Ross,D,CLEVELAND,LAWNDL,568,10,CLEVELAND LAWNDL
US SENATE,,Deborah K. Ross,D,CLEVELAND,LATT,365,10,CLEVELAND LATT
US SENATE,,Deborah K. Ross,D,CLEVELAND,S C,2308,76,CLEVELAND S C
US SENATE,,Deborah K. Ross,D,CLEVELAND,FALSTN,177,4,CLEVELAND FALSTN
US SENATE,,Deborah K. Ross,D,CLEVELAND,GROVER,509,6,CLEVELAND GROVER
US SENATE,,Deborah K. Ross,D,CLEVELAND,KM N,1113,31,CLEVELAND KM N
US SENATE,,Deborah K. Ross,D,CLEVELAND,KM S,1033,28,CLEVELAND KM S
US SENATE,,Deborah K. Ross,D,CLEVELAND,OAKGRV,457,15,CLEVELAND OAKGRV
US SENATE,,Deborah K. Ross,D,CLEVELAND,BETHWR,254,7,CLEVELAND BETHWR
US SENATE,,Deborah K. Ross,D,CLEVELAND,S 5,817,21,CLEVELAND S 5
US SENATE,,Deborah K. Ross,D,CLEVELAND,MULLS,226,6,CLEVELAND MULLS
US SENATE,,Deborah K. Ross,D,CLEVELAND,MRB-YO,206,3,CLEVELAND MRB-YO
US SENATE,,Deborah K. Ross,D,CLEVELAND,WACO,712,9,CLEVELAND WACO
US SENATE,,Deborah K. Ross,D,CLEVELAND,KINGST,429,2,CLEVELAND KINGST
US SENATE,,Deborah K. Ross,D,CLEVELAND,BR,835,25,CLEVELAND BR
US SENATE,,Deborah K. Ross,D,CLEVELAND,CASAR,94,5,CLEVELAND CASAR
US SENATE,,Deborah K. Ross,D,CLEVELAND,POLKVL,278,7,CLEVELAND POLKVL
US SENATE,,Deborah K. Ross,D,CLEVELAND,S 4A,1585,41,CLEVELAND S 4A
US SENATE,,Deborah K. Ross,D,CLEVELAND,S S,1790,49,CLEVELAND S S
US SENATE,,Deborah K. Ross,D,CLEVELAND,SHANGI,515,11,CLEVELAND SHANGI
US SENATE,,Deborah K. Ross,D,CLEVELAND,RIPPY,754,18,CLEVELAND RIPPY
US PRESIDENT,,Write-In (Miscellaneous),,CLEVELAND,POLKVL,8,0,CLEVELAND POLKVL
US PRESIDENT,,Write-In (Miscellaneous),,CLEVELAND,S S,19,1,CLEVELAND S S
US PRESIDENT,,Write-In (Miscellaneous),,CLEVELAND,S 4A,17,1,CLEVELAND S 4A
US PRESIDENT,,Write-In (Miscellaneous),,CLEVELAND,OAKGRV,10,1,CLEVELAND OAKGRV
US PRESIDENT,,Write-In (Miscellaneous),,CLEVELAND,KM N,25,0,CLEVELAND KM N
US PRESIDENT,,Write-In (Miscellaneous),,CLEVELAND,KM S,16,1,CLEVELAND KM S
US PRESIDENT,,Write-In (Miscellaneous),,CLEVELAND,SHANGI,8,0,CLEVELAND SHANGI
US PRESIDENT,,Write-In (Miscellaneous),,CLEVELAND,S C,50,0,CLEVELAND S C
US PRESIDENT,,Write-In (Miscellaneous),,CLEVELAND,KINGST,2,0,CLEVELAND KINGST
US PRESIDENT,,Write-In (Miscellaneous),,CLEVELAND,MRB-YO,8,0,CLEVELAND MRB-YO
US PRESIDENT,,Write-In (Miscellaneous),,CLEVELAND,LATT,10,0,CLEVELAND LATT
US PRESIDENT,,Write-In (Miscellaneous),,CLEVELAND,CASAR,7,0,CLEVELAND CASAR
US PRESIDENT,,Write-In (Miscellaneous),,CLEVELAND,WACO,10,0,CLEVELAND WACO
US PRESIDENT,,Write-In (Miscellaneous),,CLEVELAND,RIPPY,14,0,CLEVELAND RIPPY
US PRESIDENT,,Write-In (Miscellaneous),,CLEVELAND,FALSTN,8,0,CLEVELAND FALSTN
US PRESIDENT,,Write-In (Miscellaneous),,CLEVELAND,GROVER,15,2,CLEVELAND GROVER
US PRESIDENT,,Write-In (Miscellaneous),,CLEVELAND,S 5,9,0,CLEVELAND S 5
US PRESIDENT,,Write-In (Miscellaneous),,CLEVELAND,MULLS,4,0,CLEVELAND MULLS
US PRESIDENT,,Write-In (Miscellaneous),,CLEVELAND,BETHWR,11,1,CLEVELAND BETHWR
US PRESIDENT,,Write-In (Miscellaneous),,CLEVELAND,BR,48,2,CLEVELAND BR
US PRESIDENT,,Write-In (Miscellaneous),,CLEVELAND,LAWNDL,6,0,CLEVELAND LAWNDL
US PRESIDENT,,Jill Stein (Write-In),,CLEVELAND,LATT,0,0,CLEVELAND LATT
US PRESIDENT,,Jill Stein (Write-In),,CLEVELAND,S C,9,1,CLEVELAND S C
US PRESIDENT,,Jill Stein (Write-In),,CLEVELAND,WACO,3,0,CLEVELAND WACO
US PRESIDENT,,Jill Stein (Write-In),,CLEVELAND,MULLS,4,0,CLEVELAND MULLS
US PRESIDENT,,Jill Stein (Write-In),,CLEVELAND,S 5,1,0,CLEVELAND S 5
US PRESIDENT,,Jill Stein (Write-In),,CLEVELAND,LAWNDL,1,1,CLEVELAND LAWNDL
US PRESIDENT,,Jill Stein (Write-In),,CLEVELAND,GROVER,6,0,CLEVELAND GROVER
US PRESIDENT,,Jill Stein (Write-In),,CLEVELAND,KM S,5,0,CLEVELAND KM S
US PRESIDENT,,Jill Stein (Write-In),,CLEVELAND,KM N,10,0,CLEVELAND KM N
US PRESIDENT,,Jill Stein (Write-In),,CLEVELAND,S S,3,0,CLEVELAND S S
US PRESIDENT,,Jill Stein (Write-In),,CLEVELAND,SHANGI,1,0,CLEVELAND SHANGI
US PRESIDENT,,Jill Stein (Write-In),,CLEVELAND,S 4A,5,0,CLEVELAND S 4A
US PRESIDENT,,Jill Stein (Write-In),,CLEVELAND,OAKGRV,4,1,CLEVELAND OAKGRV
US PRESIDENT,,Jill Stein (Write-In),,CLEVELAND,POLKVL,2,2,CLEVELAND POLKVL
US PRESIDENT,,Jill Stein (Write-In),,CLEVELAND,BR,6,0,CLEVELAND BR
US PRESIDENT,,Jill Stein (Write-In),,CLEVELAND,CASAR,0,0,CLEVELAND CASAR
US PRESIDENT,,Jill Stein (Write-In),,CLEVELAND,KINGST,1,0,CLEVELAND KINGST
US PRESIDENT,,Jill Stein (Write-In),,CLEVELAND,MRB-YO,5,0,CLEVELAND MRB-YO
US PRESIDENT,,Jill Stein (Write-In),,CLEVELAND,FALSTN,2,0,CLEVELAND FALSTN
US PRESIDENT,,Jill Stein (Write-In),,CLEVELAND,BETHWR,2,0,CLEVELAND BETHWR
US PRESIDENT,,Jill Stein (Write-In),,CLEVELAND,RIPPY,5,0,CLEVELAND RIPPY
US PRESIDENT,,Hillary Clinton,D,CLEVELAND,S S,1814,54,CLEVELAND S S
US PRESIDENT,,Hillary Clinton,D,CLEVELAND,S 4A,1604,48,CLEVELAND S 4A
US PRESIDENT,,Hillary Clinton,D,CLEVELAND,POLKVL,281,3,CLEVELAND POLKVL
US PRESIDENT,,Hillary Clinton,D,CLEVELAND,KM S,1030,33,CLEVELAND KM S
US PRESIDENT,,Hillary Clinton,D,CLEVELAND,KM N,1107,33,CLEVELAND KM N
US PRESIDENT,,Hillary Clinton,D,CLEVELAND,RIPPY,724,16,CLEVELAND RIPPY
US PRESIDENT,,Hillary Clinton,D,CLEVELAND,LATT,343,13,CLEVELAND LATT
US PRESIDENT,,Hillary Clinton,D,CLEVELAND,OAKGRV,426,18,CLEVELAND OAKGRV
US PRESIDENT,,Hillary Clinton,D,CLEVELAND,S C,2371,82,CLEVELAND S C
US PRESIDENT,,Hillary Clinton,D,CLEVELAND,SHANGI,510,11,CLEVELAND SHANGI
US PRESIDENT,,Hillary Clinton,D,CLEVELAND,BETHWR,242,4,CLEVELAND BETHWR
US PRESIDENT,,Hillary Clinton,D,CLEVELAND,CASAR,74,4,CLEVELAND CASAR
US PRESIDENT,,Hillary Clinton,D,CLEVELAND,KINGST,445,3,CLEVELAND KINGST
US PRESIDENT,,Hillary Clinton,D,CLEVELAND,MRB-YO,190,7,CLEVELAND MRB-YO
US PRESIDENT,,Hillary Clinton,D,CLEVELAND,FALSTN,169,5,CLEVELAND FALSTN
US PRESIDENT,,Hillary Clinton,D,CLEVELAND,GROVER,496,6,CLEVELAND GROVER
US PRESIDENT,,Hillary Clinton,D,CLEVELAND,LAWNDL,556,8,CLEVELAND LAWNDL
US PRESIDENT,,Hillary Clinton,D,CLEVELAND,S 5,812,19,CLEVELAND S 5
US PRESIDENT,,Hillary Clinton,D,CLEVELAND,WACO,706,12,CLEVELAND WACO
US PRESIDENT,,Hillary Clinton,D,CLEVELAND,MULLS,239,6,CLEVELAND MULLS
US PRESIDENT,,Hillary Clinton,D,CLEVELAND,BR,825,29,CLEVELAND BR
US PRESIDENT,,Gary Johnson,L,CLEVELAND,CASAR,18,0,CLEVELAND CASAR
US PRESIDENT,,Gary Johnson,L,CLEVELAND,S 4A,65,4,CLEVELAND S 4A
US PRESIDENT,,Gary Johnson,L,CLEVELAND,S S,81,4,CLEVELAND S S
US PRESIDENT,,Gary Johnson,L,CLEVELAND,POLKVL,22,0,CLEVELAND POLKVL
US PRESIDENT,,Gary Johnson,L,CLEVELAND,KM N,48,3,CLEVELAND KM N
US PRESIDENT,,Gary Johnson,L,CLEVELAND,RIPPY,40,1,CLEVELAND RIPPY
US PRESIDENT,,Gary Johnson,L,CLEVELAND,KM S,47,1,CLEVELAND KM S
US PRESIDENT,,Gary Johnson,L,CLEVELAND,FALSTN,16,3,CLEVELAND FALSTN
US PRESIDENT,,Gary Johnson,L,CLEVELAND,MULLS,32,1,CLEVELAND MULLS
US PRESIDENT,,Gary Johnson,L,CLEVELAND,SHANGI,42,1,CLEVELAND SHANGI
US PRESIDENT,,Gary Johnson,L,CLEVELAND,S C,114,5,CLEVELAND S C
US PRESIDENT,,Gary Johnson,L,CLEVELAND,KINGST,9,0,CLEVELAND KINGST
US PRESIDENT,,Gary Johnson,L,CLEVELAND,BR,60,4,CLEVELAND BR
US PRESIDENT,,Gary Johnson,L,CLEVELAND,LATT,49,6,CLEVELAND LATT
US PRESIDENT,,Gary Johnson,L,CLEVELAND,OAKGRV,41,4,CLEVELAND OAKGRV
US PRESIDENT,,Gary Johnson,L,CLEVELAND,BETHWR,22,0,CLEVELAND BETHWR
US PRESIDENT,,Gary Johnson,L,CLEVELAND,S 5,31,1,CLEVELAND S 5
US PRESIDENT,,Gary Johnson,L,CLEVELAND,GROVER,34,1,CLEVELAND GROVER
US PRESIDENT,,Gary Johnson,L,CLEVELAND,WACO,45,2,CLEVELAND WACO
US PRESIDENT,,Gary Johnson,L,CLEVELAND,LAWNDL,14,1,CLEVELAND LAWNDL
US PRESIDENT,,Gary Johnson,L,CLEVELAND,MRB-YO,20,0,CLEVELAND MRB-YO
US PRESIDENT,,Donald J. Trump,R,CLEVELAND,S 5,899,34,CLEVELAND S 5
US PRESIDENT,,Donald J. Trump,R,CLEVELAND,MRB-YO,809,17,CLEVELAND MRB-YO
US PRESIDENT,,Donald J. Trump,R,CLEVELAND,LAWNDL,641,22,CLEVELAND LAWNDL
US PRESIDENT,,Donald J. Trump,R,CLEVELAND,LATT,1446,51,CLEVELAND LATT
US PRESIDENT,,Donald J. Trump,R,CLEVELAND,BR,2346,60,CLEVELAND BR
US PRESIDENT,,Donald J. Trump,R,CLEVELAND,MULLS,1073,29,CLEVELAND MULLS
US PRESIDENT,,Donald J. Trump,R,CLEVELAND,RIPPY,1653,47,CLEVELAND RIPPY
US PRESIDENT,,Donald J. Trump,R,CLEVELAND,GROVER,1541,48,CLEVELAND GROVER
US PRESIDENT,,Donald J. Trump,R,CLEVELAND,FALSTN,913,17,CLEVELAND FALSTN
US PRESIDENT,,Donald J. Trump,R,CLEVELAND,BETHWR,982,32,CLEVELAND BETHWR
US PRESIDENT,,Donald J. Trump,R,CLEVELAND,KINGST,219,10,CLEVELAND KINGST
US PRESIDENT,,Donald J. Trump,R,CLEVELAND,S C,2048,98,CLEVELAND S C
US PRESIDENT,,Donald J. Trump,R,CLEVELAND,SHANGI,1308,28,CLEVELAND SHANGI
US PRESIDENT,,Donald J. Trump,R,CLEVELAND,POLKVL,1274,30,CLEVELAND POLKVL
US PRESIDENT,,Donald J. Trump,R,CLEVELAND,WACO,1398,42,CLEVELAND WACO
US PRESIDENT,,Donald J. Trump,R,CLEVELAND,CASAR,858,22,CLEVELAND CASAR
US PRESIDENT,,Donald J. Trump,R,CLEVELAND,S 4A,1561,52,CLEVELAND S 4A
US PRESIDENT,,Donald J. Trump,R,CLEVELAND,OAKGRV,1773,39,CLEVELAND OAKGRV
US PRESIDENT,,Donald J. Trump,R,CLEVELAND,S S,1982,67,CLEVELAND S S
US PRESIDENT,,Donald J. Trump,R,CLEVELAND,KM S,1784,61,CLEVELAND KM S
US PRESIDENT,,Donald J. Trump,R,CLEVELAND,KM N,1971,79,CLEVELAND KM N
US PRESIDENT,,Hillary Clinton,D,CUMBERLAND,SH77,648,0,CUMBERLAND SH77
US PRESIDENT,,Hillary Clinton,D,CUMBERLAND,ONE STOP 100 G 1-30,305,0,CUMBERLAND ONE STOP 100 G 1-30
US PRESIDENT,,Hillary Clinton,D,ALAMANCE,63,996,23,ALAMANCE 63
US PRESIDENT,,Hillary Clinton,D,ALAMANCE,10S,2445,62,ALAMANCE 10S
US PRESIDENT,,Hillary Clinton,D,ALAMANCE,12E,552,4,ALAMANCE 12E
US PRESIDENT,,Hillary Clinton,D,ALAMANCE,5,327,22,ALAMANCE 5
US PRESIDENT,,Hillary Clinton,D,ALAMANCE,06S,716,29,ALAMANCE 06S
US PRESIDENT,,Hillary Clinton,D,ALAMANCE,06N,834,14,ALAMANCE 06N
US PRESIDENT,,Hillary Clinton,D,ALAMANCE,11,1142,16,ALAMANCE 11
US PRESIDENT,,Hillary Clinton,D,ALAMANCE,129,381,27,ALAMANCE 129
US PRESIDENT,,Hillary Clinton,D,ALAMANCE,126,578,52,ALAMANCE 126
US PRESIDENT,,Hillary Clinton,D,ALAMANCE,124,543,27,ALAMANCE 124
US PRESIDENT,,Hillary Clinton,D,ALAMANCE,103,602,28,ALAMANCE 103
US PRESIDENT,,Hillary Clinton,D,ALAMANCE,1210,607,13,ALAMANCE 1210
US PRESIDENT,,Hillary Clinton,D,ALAMANCE,12N,1777,46,ALAMANCE 12N
US PRESIDENT,,Hillary Clinton,D,ALAMANCE,127,1831,25,ALAMANCE 127
US PRESIDENT,,Hillary Clinton,D,ALAMANCE,125,523,19,ALAMANCE 125
US PRESIDENT,,Hillary Clinton,D,ALAMANCE,08N,638,27,ALAMANCE 08N
US PRESIDENT,,Hillary Clinton,D,ALAMANCE,06W,339,6,ALAMANCE 06W
US PRESIDENT,,Hillary Clinton,D,ALAMANCE,08S,276,15,ALAMANCE 08S
US PRESIDENT,,Hillary Clinton,D,ALAMANCE,10N,954,42,ALAMANCE 10N
US PRESIDENT,,Hillary Clinton,D,ALAMANCE,2,403,16,ALAMANCE 2
US PRESIDENT,,Hillary Clinton,D,ALAMANCE,13,1047,19,ALAMANCE 13
US PRESIDENT,,Hillary Clinton,D,ALAMANCE,06E,741,23,ALAMANCE 06E
US PRESIDENT,,Hillary Clinton,D,ALAMANCE,03W,665,25,ALAMANCE 03W
US PRESIDENT,,Hillary Clinton,D,ALAMANCE,128,788,23,ALAMANCE 128
US PRESIDENT,,Hillary Clinton,D,ALAMANCE,09S,1085,33,ALAMANCE 09S
US PRESIDENT,,Hillary Clinton,D,ALAMANCE,35,995,50,ALAMANCE 35
US PRESIDENT,,Hillary Clinton,D,ALAMANCE,03N,1036,64,ALAMANCE 03N
US PRESIDENT,,Hillary Clinton,D,ALAMANCE,64,1054,37,ALAMANCE 64
US PRESIDENT,,Hillary Clinton,D,ALAMANCE,12W,706,34,ALAMANCE 12W
US PRESIDENT,,Hillary Clinton,D,ALAMANCE,03S,1782,86,ALAMANCE 03S
US PRESIDENT,,Hillary Clinton,D,ALAMANCE,12S,493,7,ALAMANCE 12S
US PRESIDENT,,Hillary Clinton,D,ALAMANCE,7,450,15,ALAMANCE 7
US PRESIDENT,,Hillary Clinton,D,ALAMANCE,4,577,14,ALAMANCE 4
US PRESIDENT,,Hillary Clinton,D,ALAMANCE,1,411,24,ALAMANCE 1
US PRESIDENT,,Hillary Clinton,D,ALAMANCE,03N2,310,39,ALAMANCE 03N2
US PRESIDENT,,Hillary Clinton,D,ALAMANCE,03C,679,44,ALAMANCE 03C
US PRESIDENT,,Hillary Clinton,D,ALAMANCE,09N,550,20,ALAMANCE 09N
US PRESIDENT,,Gary Johnson,L,ALAMANCE,125,38,0,ALAMANCE 125
US PRESIDENT,,Gary Johnson,L,ALAMANCE,103,42,0,ALAMANCE 103
US PRESIDENT,,Gary Johnson,L,ALAMANCE,13,42,2,ALAMANCE 13
US PRESIDENT,,Gary Johnson,L,ALAMANCE,12E,18,0,ALAMANCE 12E
US PRESIDENT,,Gary Johnson,L,ALAMANCE,03W,68,8,ALAMANCE 03W
US PRESIDENT,,Gary Johnson,L,ALAMANCE,06E,39,1,ALAMANCE 06E
US PRESIDENT,,Gary Johnson,L,ALAMANCE,12N,45,4,ALAMANCE 12N
US PRESIDENT,,Gary Johnson,L,ALAMANCE,129,28,1,ALAMANCE 129
US PRESIDENT,,Gary Johnson,L,ALAMANCE,124,36,2,ALAMANCE 124
US PRESIDENT,,Gary Johnson,L,ALAMANCE,10N,69,3,ALAMANCE 10N
US PRESIDENT,,Gary Johnson,L,ALAMANCE,08S,27,3,ALAMANCE 08S
US PRESIDENT,,Gary Johnson,L,ALAMANCE,08N,38,2,ALAMANCE 08N
US PRESIDENT,,Gary Johnson,L,ALAMANCE,06W,11,0,ALAMANCE 06W
US PRESIDENT,,Gary Johnson,L,ALAMANCE,126,34,3,ALAMANCE 126
US PRESIDENT,,Gary Johnson,L,ALAMANCE,12S,13,0,ALAMANCE 12S
US PRESIDENT,,Gary Johnson,L,ALAMANCE,09S,62,3,ALAMANCE 09S
US PRESIDENT,,Gary Johnson,L,ALAMANCE,35,77,3,ALAMANCE 35
US PRESIDENT,,Gary Johnson,L,ALAMANCE,03S,125,7,ALAMANCE 03S
US PRESIDENT,,Gary Johnson,L,ALAMANCE,4,63,1,ALAMANCE 4
US PRESIDENT,,Gary Johnson,L,ALAMANCE,03C,64,5,ALAMANCE 03C
US PRESIDENT,,Gary Johnson,L,ALAMANCE,128,24,0,ALAMANCE 128
US PRESIDENT,,Gary Johnson,L,ALAMANCE,7,54,0,ALAMANCE 7
US PRESIDENT,,Gary Johnson,L,ALAMANCE,03N2,13,0,ALAMANCE 03N2
US PRESIDENT,,Gary Johnson,L,ALAMANCE,64,63,8,ALAMANCE 64
US PRESIDENT,,Gary Johnson,L,ALAMANCE,03N,66,4,ALAMANCE 03N
US PRESIDENT,,Gary Johnson,L,ALAMANCE,1,50,0,ALAMANCE 1
US PRESIDENT,,Gary Johnson,L,ALAMANCE,12W,46,1,ALAMANCE 12W
US PRESIDENT,,Gary Johnson,L,ALAMANCE,5,47,1,ALAMANCE 5
US PRESIDENT,,Gary Johnson,L,ALAMANCE,2,40,0,ALAMANCE 2
US PRESIDENT,,Gary Johnson,L,ALAMANCE,09N,49,2,ALAMANCE 09N
US PRESIDENT,,Gary Johnson,L,ALAMANCE,11,42,4,ALAMANCE 11
US PRESIDENT,,Gary Johnson,L,ALAMANCE,06N,38,0,ALAMANCE 06N
US PRESIDENT,,Gary Johnson,L,ALAMANCE,06S,57,3,ALAMANCE 06S
US PRESIDENT,,Gary Johnson,L,ALAMANCE,127,51,1,ALAMANCE 127
US PRESIDENT,,Gary Johnson,L,ALAMANCE,10S,154,5,ALAMANCE 10S
US PRESIDENT,,Gary Johnson,L,ALAMANCE,1210,33,0,ALAMANCE 1210
US PRESIDENT,,Gary Johnson,L,ALAMANCE,63,29,2,ALAMANCE 63
US PRESIDENT,,Donald J. Trump,R,ALAMANCE,03N,1160,70,ALAMANCE 03N
US PRESIDENT,,Donald J. Trump,R,ALAMANCE,03S,2045,112,ALAMANCE 03S
US PRESIDENT,,Donald J. Trump,R,ALAMANCE,10N,1464,34,ALAMANCE 10N
US PRESIDENT,,Donald J. Trump,R,ALAMANCE,128,325,18,ALAMANCE 128
US PRESIDENT,,Donald J. Trump,R,ALAMANCE,1,1865,89,ALAMANCE 1
US PRESIDENT,,Donald J. Trump,R,ALAMANCE,124,666,26,ALAMANCE 124
US PRESIDENT,,Donald J. Trump,R,ALAMANCE,12S,198,9,ALAMANCE 12S
US PRESIDENT,,Donald J. Trump,R,ALAMANCE,12N,289,25,ALAMANCE 12N
US PRESIDENT,,Donald J. Trump,R,ALAMANCE,4,2043,71,ALAMANCE 4
US PRESIDENT,,Donald J. Trump,R,ALAMANCE,7,1670,73,ALAMANCE 7
US PRESIDENT,,Donald J. Trump,R,ALAMANCE,126,809,52,ALAMANCE 126
US PRESIDENT,,Donald J. Trump,R,ALAMANCE,129,771,33,ALAMANCE 129
US PRESIDENT,,Donald J. Trump,R,ALAMANCE,09N,853,27,ALAMANCE 09N
US PRESIDENT,,Donald J. Trump,R,ALAMANCE,03C,1059,68,ALAMANCE 03C
US PRESIDENT,,Donald J. Trump,R,ALAMANCE,64,1800,82,ALAMANCE 64
US PRESIDENT,,Donald J. Trump,R,ALAMANCE,1210,569,31,ALAMANCE 1210
US PRESIDENT,,Donald J. Trump,R,ALAMANCE,103,1314,49,ALAMANCE 103
US PRESIDENT,,Donald J. Trump,R,ALAMANCE,125,874,46,ALAMANCE 125
US PRESIDENT,,Donald J. Trump,R,ALAMANCE,127,637,36,ALAMANCE 127
US PRESIDENT,,Donald J. Trump,R,ALAMANCE,10S,2240,67,ALAMANCE 10S
US PRESIDENT,,Donald J. Trump,R,ALAMANCE,63,528,33,ALAMANCE 63
US PRESIDENT,,Donald J. Trump,R,ALAMANCE,06S,1183,59,ALAMANCE 06S
US PRESIDENT,,Donald J. Trump,R,ALAMANCE,06N,423,20,ALAMANCE 06N
US PRESIDENT,,Donald J. Trump,R,ALAMANCE,12E,322,10,ALAMANCE 12E
US PRESIDENT,,Donald J. Trump,R,ALAMANCE,11,1037,36,ALAMANCE 11
US PRESIDENT,,Donald J. Trump,R,ALAMANCE,03N2,214,10,ALAMANCE 03N2
US PRESIDENT,,Donald J. Trump,R,ALAMANCE,03W,1201,48,ALAMANCE 03W
US PRESIDENT,,Donald J. Trump,R,ALAMANCE,2,2004,66,ALAMANCE 2
US PRESIDENT,,Donald J. Trump,R,ALAMANCE,5,1448,65,ALAMANCE 5
US PRESIDENT,,Donald J. Trump,R,ALAMANCE,12W,618,22,ALAMANCE 12W
US PRESIDENT,,Donald J. Trump,R,ALAMANCE,13,1061,41,ALAMANCE 13
US PRESIDENT,,Donald J. Trump,R,ALAMANCE,06E,671,15,ALAMANCE 06E
US PRESIDENT,,Donald J. Trump,R,ALAMANCE,09S,1771,62,ALAMANCE 09S
US PRESIDENT,,Hillary Clinton,D,CALDWELL,PR33,166,0,CALDWELL PR33
US PRESIDENT,,Hillary Clinton,D,CALDWELL,ONE STOP GRANITE FALLS,1859,0,CALDWELL ONE STOP GRANITE FALLS
US PRESIDENT,,Hillary Clinton,D,CALDWELL,PR32,100,0,CALDWELL PR32
US PRESIDENT,,Hillary Clinton,D,CALDWELL,PR24,46,0,CALDWELL PR24
US PRESIDENT,,Hillary Clinton,D,CALDWELL,PR29,159,0,CALDWELL PR29
US PRESIDENT,,Hillary Clinton,D,CALDWELL,PR02,79,0,CALDWELL PR02
US PRESIDENT,,Hillary Clinton,D,CALDWELL,PR07,72,0,CALDWELL PR07
US PRESIDENT,,Hillary Clinton,D,CALDWELL,ONE STOP LENOIR,4091,0,CALDWELL ONE STOP LENOIR
US PRESIDENT,,Hillary Clinton,D,CALDWELL,PR17,90,0,CALDWELL PR17
US PRESIDENT,,Hillary Clinton,D,CALDWELL,PR18,156,0,CALDWELL PR18
US PRESIDENT,,Hillary Clinton,D,CALDWELL,PR13,104,0,CALDWELL PR13
US PRESIDENT,,Hillary Clinton,D,CALDWELL,PR01,134,0,CALDWELL PR01
US PRESIDENT,,Hillary Clinton,D,CALDWELL,PR16,93,0,CALDWELL PR16
US PRESIDENT,,Hillary Clinton,D,CALDWELL,PR14,101,0,CALDWELL PR14
US PRESIDENT,,Hillary Clinton,D,CALDWELL,PR35,63,0,CALDWELL PR35
US PRESIDENT,,Hillary Clinton,D,CALDWELL,PR34,167,0,CALDWELL PR34
US PRESIDENT,,Hillary Clinton,D,CALDWELL,PR25,58,0,CALDWELL PR25
US PRESIDENT,,Hillary Clinton,D,CALDWELL,PR22,96,0,CALDWELL PR22
US PRESIDENT,,Hillary Clinton,D,CALDWELL,PR21,85,0,CALDWELL PR21
US PRESIDENT,,Hillary Clinton,D,CALDWELL,PR30,183,0,CALDWELL PR30
US PRESIDENT,,Hillary Clinton,D,CALDWELL,ABSENTEE,326,326,CALDWELL ABSENTEE
US PRESIDENT,,Hillary Clinton,D,CALDWELL,PR08,87,0,CALDWELL PR08
US PRESIDENT,,Hillary Clinton,D,CALDWELL,PR31,87,0,CALDWELL PR31
US PRESIDENT,,Gary Johnson,L,CALDWELL,PR16,13,0,CALDWELL PR16
US PRESIDENT,,Gary Johnson,L,CALDWELL,PR30,14,0,CALDWELL PR30
US PRESIDENT,,Gary Johnson,L,CALDWELL,PR31,9,0,CALDWELL PR31
US PRESIDENT,,Gary Johnson,L,CALDWELL,PR21,22,0,CALDWELL PR21
US PRESIDENT,,Gary Johnson,L,CALDWELL,PR14,25,0,CALDWELL PR14
US PRESIDENT,,Gary Johnson,L,CALDWELL,PR07,10,0,CALDWELL PR07
US PRESIDENT,,Gary Johnson,L,CALDWELL,PR02,18,0,CALDWELL PR02
US PRESIDENT,,Gary Johnson,L,CALDWELL,PR33,31,0,CALDWELL PR33
US PRESIDENT,,Gary Johnson,L,CALDWELL,PR17,17,0,CALDWELL PR17
US PRESIDENT,,Gary Johnson,L,CALDWELL,PR29,24,0,CALDWELL PR29
US PRESIDENT,,Gary Johnson,L,CALDWELL,PR32,21,0,CALDWELL PR32
US PRESIDENT,,Gary Johnson,L,CALDWELL,PR24,12,0,CALDWELL PR24
US PRESIDENT,,Gary Johnson,L,CALDWELL,ONE STOP GRANITE FALLS,190,0,CALDWELL ONE STOP GRANITE FALLS
US PRESIDENT,,Gary Johnson,L,CALDWELL,PR01,25,0,CALDWELL PR01
US PRESIDENT,,Gary Johnson,L,CALDWELL,PR08,8,0,CALDWELL PR08
US PRESIDENT,,Gary Johnson,L,CALDWELL,PR34,42,0,CALDWELL PR34
US PRESIDENT,,Gary Johnson,L,CALDWELL,PR35,12,0,CALDWELL PR35
US PRESIDENT,,Gary Johnson,L,CALDWELL,PR22,12,0,CALDWELL PR22
US PRESIDENT,,Gary Johnson,L,CALDWELL,PR25,15,0,CALDWELL PR25
US PRESIDENT,,Gary Johnson,L,CALDWELL,ABSENTEE,25,25,CALDWELL ABSENTEE
US PRESIDENT,,Gary Johnson,L,CALDWELL,PR13,23,0,CALDWELL PR13
US PRESIDENT,,Gary Johnson,L,CALDWELL,PR18,26,0,CALDWELL PR18
US PRESIDENT,,Gary Johnson,L,CALDWELL,ONE STOP LENOIR,251,0,CALDWELL ONE STOP LENOIR
US PRESIDENT,,Donald J. Trump,R,CALDWELL,PR35,305,0,CALDWELL PR35
US PRESIDENT,,Donald J. Trump,R,CALDWELL,PR08,289,0,CALDWELL PR08
US PRESIDENT,,Donald J. Trump,R,CALDWELL,PR34,673,0,CALDWELL PR34
US PRESIDENT,,Donald J. Trump,R,CALDWELL,PR25,278,0,CALDWELL PR25
US PRESIDENT,,Donald J. Trump,R,CALDWELL,PR22,492,0,CALDWELL PR22
US PRESIDENT,,Donald J. Trump,R,CALDWELL,PR01,424,0,CALDWELL PR01
US PRESIDENT,,Donald J. Trump,R,CALDWELL,PR18,511,0,CALDWELL PR18
US PRESIDENT,,Donald J. Trump,R,CALDWELL,PR16,142,0,CALDWELL PR16
US PRESIDENT,,Donald J. Trump,R,CALDWELL,PR14,346,0,CALDWELL PR14
US PRESIDENT,,Donald J. Trump,R,CALDWELL,PR02,268,0,CALDWELL PR02
US PRESIDENT,,Donald J. Trump,R,CALDWELL,PR07,409,0,CALDWELL PR07
US PRESIDENT,,Donald J. Trump,R,CALDWELL,PR21,550,0,CALDWELL PR21
US PRESIDENT,,Donald J. Trump,R,CALDWELL,ABSENTEE,679,679,CALDWELL ABSENTEE
US PRESIDENT,,Donald J. Trump,R,CALDWELL,ONE STOP LENOIR,10058,0,CALDWELL ONE STOP LENOIR
US PRESIDENT,,Donald J. Trump,R,CALDWELL,ONE STOP GRANITE FALLS,7888,0,CALDWELL ONE STOP GRANITE FALLS
US PRESIDENT,,Donald J. Trump,R,CALDWELL,PR17,210,0,CALDWELL PR17
US PRESIDENT,,Donald J. Trump,R,CALDWELL,PR31,171,0,CALDWELL PR31
US PRESIDENT,,Donald J. Trump,R,CALDWELL,PR30,225,0,CALDWELL PR30
US PRESIDENT,,Donald J. Trump,R,CALDWELL,PR33,728,0,CALDWELL PR33
US PRESIDENT,,Donald J. Trump,R,CALDWELL,PR32,613,0,CALDWELL PR32
US PRESIDENT,,Donald J. Trump,R,CALDWELL,PR29,317,0,CALDWELL PR29
US PRESIDENT,,Donald J. Trump,R,CALDWELL,PR24,229,0,CALDWELL PR24
US PRESIDENT,,Donald J. Trump,R,CALDWELL,PR13,694,0,CALDWELL PR13
US PRESIDENT,,Donald J. Trump,R,BUNCOMBE,38.2,275,31,BUNCOMBE 38.2
US PRESIDENT,,Donald J. Trump,R,BUNCOMBE,45.1,397,52,BUNCOMBE 45.1
US PRESIDENT,,Donald J. Trump,R,BUNCOMBE,39.3,250,28,BUNCOMBE 39.3
US PRESIDENT,,Donald J. Trump,R,BUNCOMBE,48.1,412,55,BUNCOMBE 48.1
US PRESIDENT,,Donald J. Trump,R,BUNCOMBE,49.1,575,48,BUNCOMBE 49.1
US PRESIDENT,,Donald J. Trump,R,BUNCOMBE,20.1,40,4,BUNCOMBE 20.1
US PRESIDENT,,Donald J. Trump,R,BUNCOMBE,33.3,215,19,BUNCOMBE 33.3
US PRESIDENT,,Donald J. Trump,R,BUNCOMBE,13.1,83,9,BUNCOMBE 13.1
US PRESIDENT,,Donald J. Trump,R,BUNCOMBE,OS SBBL,3165,0,BUNCOMBE OS SBBL
US PRESIDENT,,Donald J. Trump,R,BUNCOMBE,OS UNCA,352,0,BUNCOMBE OS UNCA
US PRESIDENT,,Donald J. Trump,R,BUNCOMBE,62.1,290,61,BUNCOMBE 62.1
US PRESIDENT,,Donald J. Trump,R,BUNCOMBE,4.1,79,8,BUNCOMBE 4.1
US PRESIDENT,,Donald J. Trump,R,BUNCOMBE,14.3,102,8,BUNCOMBE 14.3
US PRESIDENT,,Donald J. Trump,R,BUNCOMBE,22.2,140,19,BUNCOMBE 22.2
US PRESIDENT,,Donald J. Trump,R,BUNCOMBE,47.1,697,43,BUNCOMBE 47.1
US PRESIDENT,,Donald J. Trump,R,BUNCOMBE,21.1,230,39,BUNCOMBE 21.1
US PRESIDENT,,Donald J. Trump,R,BUNCOMBE,11.1,32,0,BUNCOMBE 11.1
US PRESIDENT,,Donald J. Trump,R,BUNCOMBE,37.1,282,13,BUNCOMBE 37.1
US PRESIDENT,,Donald J. Trump,R,BUNCOMBE,34.1,129,16,BUNCOMBE 34.1
US PRESIDENT,,Donald J. Trump,R,BUNCOMBE,52.1,424,46,BUNCOMBE 52.1
US PRESIDENT,,Donald J. Trump,R,BUNCOMBE,43.2,213,5,BUNCOMBE 43.2
US PRESIDENT,,Donald J. Trump,R,BUNCOMBE,8.2,142,22,BUNCOMBE 8.2
US PRESIDENT,,Donald J. Trump,R,BUNCOMBE,71.1,376,33,BUNCOMBE 71.1
US PRESIDENT,,Donald J. Trump,R,BUNCOMBE,OS ABTC,248,0,BUNCOMBE OS ABTC
US PRESIDENT,,Donald J. Trump,R,BUNCOMBE,OS MORC,685,0,BUNCOMBE OS MORC
US PRESIDENT,,Donald J. Trump,R,BUNCOMBE,7.1,88,10,BUNCOMBE 7.1
US PRESIDENT,,Donald J. Trump,R,BUNCOMBE,38.3,393,44,BUNCOMBE 38.3
US PRESIDENT,,Donald J. Trump,R,BUNCOMBE,36.1,230,33,BUNCOMBE 36.1
US PRESIDENT,,Donald J. Trump,R,BUNCOMBE,44.1,401,64,BUNCOMBE 44.1
US PRESIDENT,,Donald J. Trump,R,BUNCOMBE,25.1,222,18,BUNCOMBE 25.1
US PRESIDENT,,Donald J. Trump,R,BUNCOMBE,65.1,245,40,BUNCOMBE 65.1
US PRESIDENT,,Donald J. Trump,R,BUNCOMBE,64.1,274,21,BUNCOMBE 64.1
US PRESIDENT,,Donald J. Trump,R,BUNCOMBE,56.2,184,17,BUNCOMBE 56.2
US PRESIDENT,,Donald J. Trump,R,BUNCOMBE,OS WABL,2342,0,BUNCOMBE OS WABL
US PRESIDENT,,Donald J. Trump,R,BUNCOMBE,OS FVBL,3169,0,BUNCOMBE OS FVBL
US PRESIDENT,,Donald J. Trump,R,BUNCOMBE,30.2,258,29,BUNCOMBE 30.2
US PRESIDENT,,Donald J. Trump,R,BUNCOMBE,19.1,86,16,BUNCOMBE 19.1
US PRESIDENT,,Donald J. Trump,R,BUNCOMBE,17.1,73,11,BUNCOMBE 17.1
US PRESIDENT,,Donald J. Trump,R,BUNCOMBE,58.1,164,21,BUNCOMBE 58.1
US PRESIDENT,,Donald J. Trump,R,BUNCOMBE,60.2,136,11,BUNCOMBE 60.2
US PRESIDENT,,Donald J. Trump,R,BUNCOMBE,OS BMBL,2502,0,BUNCOMBE OS BMBL
US PRESIDENT,,Donald J. Trump,R,BUNCOMBE,OS BTFD,1918,0,BUNCOMBE OS BTFD
US PRESIDENT,,Donald J. Trump,R,BUNCOMBE,28.1,61,8,BUNCOMBE 28.1
US PRESIDENT,,Donald J. Trump,R,BUNCOMBE,8.3,142,31,BUNCOMBE 8.3
US SENATE,,Deborah K. Ross,D,WATAUGA,17,65,0,WATAUGA 17
US SENATE,,Deborah K. Ross,D,WATAUGA,12,172,0,WATAUGA 12
US SENATE,,Deborah K. Ross,D,WATAUGA,15,240,0,WATAUGA 15
US SENATE,,Deborah K. Ross,D,WATAUGA,7,295,0,WATAUGA 7
US SENATE,,Deborah K. Ross,D,WATAUGA,4,204,0,WATAUGA 4
US SENATE,,Deborah K. Ross,D,WATAUGA,14,227,0,WATAUGA 14
US SENATE,,Deborah K. Ross,D,WATAUGA,OS MEAT CAMP,218,0,WATAUGA OS MEAT CAMP
US SENATE,,Deborah K. Ross,D,WATAUGA,19,247,0,WATAUGA 19
US SENATE,,Deborah K. Ross,D,WATAUGA,11,159,0,WATAUGA 11
US SENATE,,Deborah K. Ross,D,WATAUGA,OS WESTERN W,272,0,WATAUGA OS WESTERN W
US SENATE,,Deborah K. Ross,D,WATAUGA,1,46,0,WATAUGA 1
US SENATE,,Deborah K. Ross,D,WATAUGA,16,11,0,WATAUGA 16
US SENATE,,Deborah K. Ross,D,WATAUGA,20,65,0,WATAUGA 20
US SENATE,,Deborah K. Ross,D,WATAUGA,OS ASU,4074,0,WATAUGA OS ASU
US SENATE,,Deborah K. Ross,D,WATAUGA,10,80,0,WATAUGA 10
US SENATE,,Deborah K. Ross,D,WATAUGA,6,205,0,WATAUGA 6
US SENATE,,Deborah K. Ross,D,WATAUGA,9,60,0,WATAUGA 9
US SENATE,,Deborah K. Ross,D,WATAUGA,OS BLOWING ROCK,448,0,WATAUGA OS BLOWING ROCK
US SENATE,,Deborah K. Ross,D,WATAUGA,ABSENTEE MAIL,621,621,WATAUGA ABSENTEE MAIL
US SENATE,,Deborah K. Ross,D,WATAUGA,3,228,0,WATAUGA 3
US SENATE,,Deborah K. Ross,D,WATAUGA,OS ADMIN,4865,0,WATAUGA OS ADMIN
US SENATE,,Deborah K. Ross,D,WATAUGA,2,65,0,WATAUGA 2
US SENATE,,Deborah K. Ross,D,WATAUGA,OS DEEP GAP,247,0,WATAUGA OS DEEP GAP
US SENATE,,Deborah K. Ross,D,WATAUGA,5,134,0,WATAUGA 5
US SENATE,,Deborah K. Ross,D,WATAUGA,8,150,0,WATAUGA 8
US SENATE,,Deborah K. Ross,D,WATAUGA,13,198,0,WATAUGA 13
US SENATE,,Deborah K. Ross,D,WATAUGA,18,102,0,WATAUGA 18
US SENATE,,Richard Burr,R,WATAUGA,20,114,0,WATAUGA 20
US SENATE,,Richard Burr,R,WATAUGA,OS MEAT CAMP,492,0,WATAUGA OS MEAT CAMP
US SENATE,,Richard Burr,R,WATAUGA,16,49,0,WATAUGA 16
US SENATE,,Richard Burr,R,WATAUGA,14,314,0,WATAUGA 14
US SENATE,,Richard Burr,R,WATAUGA,19,544,0,WATAUGA 19
US SENATE,,Richard Burr,R,WATAUGA,8,418,0,WATAUGA 8
US SENATE,,Richard Burr,R,WATAUGA,5,88,0,WATAUGA 5
US SENATE,,Richard Burr,R,WATAUGA,11,371,0,WATAUGA 11
US SENATE,,Richard Burr,R,WATAUGA,2,297,0,WATAUGA 2
US SENATE,,Richard Burr,R,WATAUGA,13,193,0,WATAUGA 13
US SENATE,,Richard Burr,R,WATAUGA,18,323,0,WATAUGA 18
US SENATE,,Richard Burr,R,WATAUGA,4,502,0,WATAUGA 4
US SENATE,,Richard Burr,R,WATAUGA,7,418,0,WATAUGA 7
US SENATE,,Richard Burr,R,WATAUGA,1,88,0,WATAUGA 1
US SENATE,,Richard Burr,R,WATAUGA,15,411,0,WATAUGA 15
US SENATE,,Richard Burr,R,WATAUGA,OS ADMIN,3892,0,WATAUGA OS ADMIN
US SENATE,,Richard Burr,R,WATAUGA,10,223,0,WATAUGA 10
US SENATE,,Richard Burr,R,WATAUGA,9,110,0,WATAUGA 9
US SENATE,,Richard Burr,R,WATAUGA,OS DEEP GAP,680,0,WATAUGA OS DEEP GAP
US SENATE,,Richard Burr,R,WATAUGA,6,143,0,WATAUGA 6
US SENATE,,Richard Burr,R,WATAUGA,3,345,0,WATAUGA 3
US SENATE,,Richard Burr,R,WATAUGA,ABSENTEE MAIL,556,556,WATAUGA ABSENTEE MAIL
US SENATE,,Richard Burr,R,WATAUGA,OS WESTERN W,728,0,WATAUGA OS WESTERN W
US SENATE,,Richard Burr,R,WATAUGA,12,134,0,WATAUGA 12
US SENATE,,Richard Burr,R,WATAUGA,17,183,0,WATAUGA 17
US SENATE,,Richard Burr,R,WATAUGA,OS BLOWING ROCK,600,0,WATAUGA OS BLOWING ROCK
US SENATE,,Richard Burr,R,WATAUGA,OS ASU,1884,0,WATAUGA OS ASU
US SENATE,,Sean Haugh,L,WATAUGA,OS ADMIN,357,0,WATAUGA OS ADMIN
US SENATE,,Sean Haugh,L,WATAUGA,OS ASU,360,0,WATAUGA OS ASU
US SENATE,,Sean Haugh,L,WATAUGA,15,43,0,WATAUGA 15
US SENATE,,Sean Haugh,L,WATAUGA,17,7,0,WATAUGA 17
US SENATE,,Sean Haugh,L,WATAUGA,12,29,0,WATAUGA 12
US SENATE,,Sean Haugh,L,WATAUGA,OS WESTERN W,51,0,WATAUGA OS WESTERN W
US SENATE,,Sean Haugh,L,WATAUGA,13,41,0,WATAUGA 13
US SENATE,,Sean Haugh,L,WATAUGA,18,30,0,WATAUGA 18
US SENATE,,Sean Haugh,L,WATAUGA,9,7,0,WATAUGA 9
US SENATE,,Sean Haugh,L,WATAUGA,3,31,0,WATAUGA 3
US SENATE,,Sean Haugh,L,WATAUGA,6,24,0,WATAUGA 6
US SENATE,,Sean Haugh,L,WATAUGA,10,10,0,WATAUGA 10
US SENATE,,Sean Haugh,L,WATAUGA,20,15,0,WATAUGA 20
US SENATE,,Sean Haugh,L,WATAUGA,OS MEAT CAMP,34,0,WATAUGA OS MEAT CAMP
US SENATE,,Sean Haugh,L,WATAUGA,OS DEEP GAP,38,0,WATAUGA OS DEEP GAP
US SENATE,,Sean Haugh,L,WATAUGA,1,5,0,WATAUGA 1
US SENATE,,Sean Haugh,L,WATAUGA,19,51,0,WATAUGA 19
US SENATE,,Sean Haugh,L,WATAUGA,14,23,0,WATAUGA 14
US SENATE,,Sean Haugh,L,WATAUGA,16,2,0,WATAUGA 16
US SENATE,,Sean Haugh,L,WATAUGA,7,39,0,WATAUGA 7
US SENATE,,Sean Haugh,L,WATAUGA,ABSENTEE MAIL,34,34,WATAUGA ABSENTEE MAIL
US SENATE,,Sean Haugh,L,WATAUGA,4,31,0,WATAUGA 4
US SENATE,,Sean Haugh,L,WATAUGA,OS BLOWING ROCK,36,0,WATAUGA OS BLOWING ROCK
US SENATE,,Sean Haugh,L,WATAUGA,5,18,0,WATAUGA 5
US SENATE,,Sean Haugh,L,WATAUGA,2,16,0,WATAUGA 2
US SENATE,,Sean Haugh,L,WATAUGA,8,34,0,WATAUGA 8
US SENATE,,Sean Haugh,L,WATAUGA,11,29,0,WATAUGA 11
,,,,,,,, 
,,,,,,,, 
,,,,,,,, 
,,,,,,,, 
